2026-08-11 16:49:36,248 | gap_trend_bot.main           | INFO    | Running daily scan across 296 symbols...
2026-08-11 16:49:36,248 | gap_trend_bot.scanner        | INFO    | ======================================================================
2026-08-11 16:49:36,249 | gap_trend_bot.scanner        | INFO    | Starting daily scan | watchlist size = 296
2026-08-11 16:49:36,589 | gap_trend_bot.sentiment      | INFO    | Sentiment SPY: close=771.48 sma20=752.35 healthy=True
2026-08-11 16:49:36,716 | gap_trend_bot.sentiment      | INFO    | Sentiment QQQ: close=718.30 sma20=700.73 healthy=True
2026-08-11 16:49:43,785 | yfinance                     | ERROR   | $SQ: possibly delisted; no price data found  (period=35d) (Yahoo error = "No data found, symbol may be delisted")
2026-08-11 16:49:48,431 | yfinance                     | ERROR   | $MMC: possibly delisted; no price data found  (period=35d) (Yahoo error = "No data found, symbol may be delisted")
2026-08-11 16:49:50,669 | yfinance                     | ERROR   | $BK: possibly delisted; no price data found  (period=35d) (Yahoo error = "No data found, symbol may be delisted")
2026-08-11 16:49:52,688 | yfinance                     | ERROR   | $FI: possibly delisted; no price data found  (period=35d) (Yahoo error = "No data found, symbol may be delisted")
2026-08-11 16:50:10,613 | yfinance                     | ERROR   | $PXD: possibly delisted; no price data found  (period=35d) (Yahoo error = "No data found, symbol may be delisted")
2026-08-11 16:50:12,998 | yfinance                     | ERROR   | $HES: possibly delisted; no price data found  (period=35d) (Yahoo error = "No data found, symbol may be delisted")
2026-08-11 16:50:13,262 | yfinance                     | ERROR   | $CTRA: possibly delisted; no price data found  (period=35d) (Yahoo error = "No data found, symbol may be delisted")
2026-08-11 16:50:13,608 | yfinance                     | ERROR   | $MRO: possibly delisted; no price data found  (period=35d) (Yahoo error = "No data found, symbol may be delisted")
2026-08-11 16:50:17,864 | yfinance                     | ERROR   | $NOVA: possibly delisted; no price data found  (period=35d) (Yahoo error = "No data found, symbol may be delisted")
2026-08-11 16:50:20,191 | yfinance                     | ERROR   | $SAVE: possibly delisted; no price data found  (period=35d) (Yahoo error = "No data found, symbol may be delisted")
2026-08-11 16:50:24,481 | yfinance                     | ERROR   | $SAVA: possibly delisted; no price data found  (period=35d) (Yahoo error = "No data found, symbol may be delisted")
2026-08-11 16:50:25,069 | yfinance                     | ERROR   | $EXAS: possibly delisted; no price data found  (period=35d) (Yahoo error = "No data found, symbol may be delisted")
2026-08-11 16:50:25,623 | gap_trend_bot.universe       | INFO    | Universe filter: 284 -> 0 symbols passed stage 1
2026-08-11 16:50:25,623 | gap_trend_bot.trades         | INFO    | SCAN SUMMARY | scanned=296 | passed_universe_filter=0 | entry_signals=0
2026-08-11 16:50:25,623 | gap_trend_bot.main           | INFO    | Found 0 qualifying setups today.
2026-08-11 16:50:25,623 | gap_trend_bot.history        | INFO    | Saved 0 results to history/scan_2026-08-11.json
2026-08-11 16:50:25,623 | gap_trend_bot.supabase       | INFO    | No scan results today - nothing to push.
2026-08-11 16:50:25,623 | gap_trend_bot.main           | INFO    | Today's results are live in Supabase - no manual paste needed.
2026-08-11 16:50:25,623 | gap_trend_bot.main           | INFO    | Updating outcomes for past recommendations...
2026-08-11 16:50:25,624 | gap_trend_bot.main           | INFO    | Done. Results saved under history/ (backup) and pushed to Supabase if configured.
2026-08-11 22:09:27,236 | gap_trend_bot.main           | INFO    | Running daily scan across 296 symbols...
2026-08-11 22:09:27,236 | gap_trend_bot.scanner        | INFO    | ======================================================================
2026-08-11 22:09:27,236 | gap_trend_bot.scanner        | INFO    | Starting daily scan | watchlist size = 296
2026-08-11 22:09:27,592 | gap_trend_bot.sentiment      | INFO    | Sentiment SPY: close=770.56 sma20=752.30 healthy=True
2026-08-11 22:09:27,763 | gap_trend_bot.sentiment      | INFO    | Sentiment QQQ: close=718.45 sma20=700.73 healthy=True
2026-08-11 22:09:34,814 | yfinance                     | ERROR   | $SQ: possibly delisted; no price data found  (period=35d) (Yahoo error = "No data found, symbol may be delisted")
2026-08-11 22:09:39,682 | yfinance                     | ERROR   | $MMC: possibly delisted; no price data found  (period=35d) (Yahoo error = "No data found, symbol may be delisted")
2026-08-11 22:09:41,872 | yfinance                     | ERROR   | $BK: possibly delisted; no price data found  (period=35d) (Yahoo error = "No data found, symbol may be delisted")
2026-08-11 22:09:43,771 | yfinance                     | ERROR   | $FI: possibly delisted; no price data found  (period=35d) (Yahoo error = "No data found, symbol may be delisted")
2026-08-11 22:10:00,703 | yfinance                     | ERROR   | $PXD: possibly delisted; no price data found  (period=35d) (Yahoo error = "No data found, symbol may be delisted")
2026-08-11 22:10:02,803 | yfinance                     | ERROR   | $HES: possibly delisted; no price data found  (period=35d) (Yahoo error = "No data found, symbol may be delisted")
2026-08-11 22:10:03,078 | yfinance                     | ERROR   | $CTRA: possibly delisted; no price data found  (period=35d) (Yahoo error = "No data found, symbol may be delisted")
2026-08-11 22:10:03,400 | yfinance                     | ERROR   | $MRO: possibly delisted; no price data found  (period=35d) (Yahoo error = "No data found, symbol may be delisted")
2026-08-11 22:10:07,423 | yfinance                     | ERROR   | $NOVA: possibly delisted; no price data found  (period=35d) (Yahoo error = "No data found, symbol may be delisted")
2026-08-11 22:10:09,704 | yfinance                     | ERROR   | $SAVE: possibly delisted; no price data found  (period=35d) (Yahoo error = "No data found, symbol may be delisted")
2026-08-11 22:10:13,426 | yfinance                     | ERROR   | $SAVA: possibly delisted; no price data found  (period=35d) (Yahoo error = "No data found, symbol may be delisted")
2026-08-11 22:10:14,330 | yfinance                     | ERROR   | $EXAS: possibly delisted; no price data found  (period=35d) (Yahoo error = "No data found, symbol may be delisted")
2026-08-11 22:10:14,928 | gap_trend_bot.universe       | INFO    | Universe filter: 284 -> 0 symbols passed stage 1
2026-08-11 22:10:14,928 | gap_trend_bot.trades         | INFO    | SCAN SUMMARY | scanned=296 | passed_universe_filter=0 | entry_signals=0
2026-08-11 22:10:14,928 | gap_trend_bot.main           | INFO    | Found 0 qualifying setups today.
2026-08-11 22:10:14,929 | gap_trend_bot.history        | INFO    | Saved 0 results to history/scan_2026-08-11.json
2026-08-11 22:10:14,929 | gap_trend_bot.supabase       | INFO    | No scan results today - nothing to push.
2026-08-11 22:10:14,929 | gap_trend_bot.main           | INFO    | Today's results are live in Supabase - no manual paste needed.
2026-08-11 22:10:14,929 | gap_trend_bot.main           | INFO    | Updating outcomes for past recommendations...
2026-08-11 22:10:14,930 | gap_trend_bot.main           | INFO    | Done. Results saved under history/ (backup) and pushed to Supabase if configured.
2026-08-12 22:07:10,880 | gap_trend_bot.main           | INFO    | Running daily scan across 296 symbols...
2026-08-12 22:07:10,880 | gap_trend_bot.scanner        | INFO    | ======================================================================
2026-08-12 22:07:10,880 | gap_trend_bot.scanner        | INFO    | Starting daily scan | watchlist size = 296
2026-08-12 22:07:11,536 | gap_trend_bot.sentiment      | INFO    | Sentiment SPY: close=772.49 sma20=753.19 healthy=True
2026-08-12 22:07:11,747 | gap_trend_bot.sentiment      | INFO    | Sentiment QQQ: close=723.70 sma20=701.03 healthy=True
2026-08-12 22:07:22,059 | yfinance                     | ERROR   | $SQ: possibly delisted; no price data found  (period=35d) (Yahoo error = "No data found, symbol may be delisted")
2026-08-12 22:07:29,487 | yfinance                     | ERROR   | $MMC: possibly delisted; no price data found  (period=35d) (Yahoo error = "No data found, symbol may be delisted")
2026-08-12 22:07:32,727 | yfinance                     | ERROR   | $BK: possibly delisted; no price data found  (period=35d) (Yahoo error = "No data found, symbol may be delisted")
2026-08-12 22:07:35,238 | yfinance                     | ERROR   | $FI: possibly delisted; no price data found  (period=35d) (Yahoo error = "No data found, symbol may be delisted")
2026-08-12 22:07:57,536 | yfinance                     | ERROR   | $PXD: possibly delisted; no price data found  (period=35d) (Yahoo error = "No data found, symbol may be delisted")
2026-08-12 22:08:00,524 | yfinance                     | ERROR   | $HES: possibly delisted; no price data found  (period=35d) (Yahoo error = "No data found, symbol may be delisted")
2026-08-12 22:08:01,001 | yfinance                     | ERROR   | $CTRA: possibly delisted; no price data found  (period=35d) (Yahoo error = "No data found, symbol may be delisted")
2026-08-12 22:08:01,551 | yfinance                     | ERROR   | $MRO: possibly delisted; no price data found  (period=35d) (Yahoo error = "No data found, symbol may be delisted")
2026-08-12 22:08:07,778 | yfinance                     | ERROR   | $NOVA: possibly delisted; no price data found  (period=35d) (Yahoo error = "No data found, symbol may be delisted")
2026-08-12 22:08:11,201 | yfinance                     | ERROR   | $SAVE: possibly delisted; no price data found  (period=35d) (Yahoo error = "No data found, symbol may be delisted")
2026-08-12 22:08:17,855 | yfinance                     | ERROR   | $SAVA: possibly delisted; no price data found  (period=35d) (Yahoo error = "No data found, symbol may be delisted")
2026-08-12 22:08:18,948 | yfinance                     | ERROR   | $EXAS: possibly delisted; no price data found  (period=35d) (Yahoo error = "No data found, symbol may be delisted")
2026-08-12 22:08:19,866 | gap_trend_bot.universe       | INFO    | Universe filter: 284 -> 0 symbols passed stage 1
2026-08-12 22:08:19,866 | gap_trend_bot.trades         | INFO    | SCAN SUMMARY | scanned=296 | passed_universe_filter=0 | entry_signals=0
2026-08-12 22:08:19,866 | gap_trend_bot.main           | INFO    | Found 0 qualifying setups today.
2026-08-12 22:08:19,866 | gap_trend_bot.history        | INFO    | Saved 0 results to history/scan_2026-08-12.json
2026-08-12 22:08:19,867 | gap_trend_bot.supabase       | INFO    | No scan results today - nothing to push.
2026-08-12 22:08:19,867 | gap_trend_bot.main           | INFO    | Today's results are live in Supabase - no manual paste needed.
2026-08-12 22:08:19,867 | gap_trend_bot.main           | INFO    | Updating outcomes for past recommendations...
2026-08-12 22:08:19,867 | gap_trend_bot.main           | INFO    | Done. Results saved under history/ (backup) and pushed to Supabase if configured.
2026-08-13 22:07:13,269 | gap_trend_bot.main           | INFO    | Running daily scan across 296 symbols...
2026-08-13 22:07:13,269 | gap_trend_bot.scanner        | INFO    | ======================================================================
2026-08-13 22:07:13,269 | gap_trend_bot.scanner        | INFO    | Starting daily scan | watchlist size = 296
2026-08-13 22:07:13,630 | gap_trend_bot.sentiment      | INFO    | Sentiment SPY: close=777.88 sma20=754.54 healthy=True
2026-08-13 22:07:13,765 | gap_trend_bot.sentiment      | INFO    | Sentiment QQQ: close=732.07 sma20=702.34 healthy=True
2026-08-13 22:07:20,800 | yfinance                     | ERROR   | $SQ: No data found, symbol may be delisted
2026-08-13 22:07:26,038 | yfinance                     | ERROR   | $MMC: No data found, symbol may be delisted
2026-08-13 22:07:28,373 | yfinance                     | ERROR   | $BK: No data found, symbol may be delisted
2026-08-13 22:07:30,232 | yfinance                     | ERROR   | $FI: No data found, symbol may be delisted
2026-08-13 22:07:47,356 | yfinance                     | ERROR   | $PXD: No data found, symbol may be delisted
2026-08-13 22:07:49,589 | yfinance                     | ERROR   | $HES: No data found, symbol may be delisted
2026-08-13 22:07:49,885 | yfinance                     | ERROR   | $CTRA: No data found, symbol may be delisted
2026-08-13 22:07:50,115 | yfinance                     | ERROR   | $MRO: No data found, symbol may be delisted
2026-08-13 22:07:53,910 | yfinance                     | ERROR   | $NOVA: No data found, symbol may be delisted
2026-08-13 22:07:56,244 | yfinance                     | ERROR   | $SAVE: No data found, symbol may be delisted
2026-08-13 22:07:59,888 | yfinance                     | ERROR   | $SAVA: No data found, symbol may be delisted
2026-08-13 22:08:00,469 | yfinance                     | ERROR   | $EXAS: No data found, symbol may be delisted
2026-08-13 22:08:00,962 | gap_trend_bot.universe       | INFO    | Universe filter: 284 -> 1 symbols passed stage 1
2026-08-13 22:08:01,112 | gap_trend_bot.trades         | INFO    | SCAN SUMMARY | scanned=296 | passed_universe_filter=1 | entry_signals=0
2026-08-13 22:08:01,112 | gap_trend_bot.main           | INFO    | Found 0 qualifying setups today.
2026-08-13 22:08:01,112 | gap_trend_bot.history        | INFO    | Saved 0 results to history/scan_2026-08-13.json
2026-08-13 22:08:01,112 | gap_trend_bot.supabase       | INFO    | No scan results today - nothing to push.
2026-08-13 22:08:01,112 | gap_trend_bot.main           | INFO    | Today's results are live in Supabase - no manual paste needed.
2026-08-13 22:08:01,112 | gap_trend_bot.main           | INFO    | Updating outcomes for past recommendations...
2026-08-13 22:08:01,113 | gap_trend_bot.main           | INFO    | Done. Results saved under history/ (backup) and pushed to Supabase if configured.
2026-08-14 20:56:14,441 | gap_trend_bot.main           | INFO    | Running daily scan across 296 symbols...
2026-08-14 20:56:14,441 | gap_trend_bot.scanner        | INFO    | ======================================================================
2026-08-14 20:56:14,441 | gap_trend_bot.scanner        | INFO    | Starting daily scan | watchlist size = 296
2026-08-14 20:56:15,123 | gap_trend_bot.sentiment      | INFO    | Sentiment SPY: close=776.34 sma20=756.20 healthy=True
2026-08-14 20:56:15,261 | gap_trend_bot.sentiment      | INFO    | Sentiment QQQ: close=731.07 sma20=704.13 healthy=True
2026-08-14 20:56:22,646 | yfinance                     | ERROR   | $SQ: No data found, symbol may be delisted
2026-08-14 20:56:27,829 | yfinance                     | ERROR   | $MMC: No data found, symbol may be delisted
2026-08-14 20:56:30,621 | yfinance                     | ERROR   | $BK: No data found, symbol may be delisted
2026-08-14 20:56:33,054 | yfinance                     | ERROR   | $FI: No data found, symbol may be delisted
2026-08-14 20:56:51,105 | yfinance                     | ERROR   | $PXD: No data found, symbol may be delisted
2026-08-14 20:56:53,329 | yfinance                     | ERROR   | $HES: No data found, symbol may be delisted
2026-08-14 20:56:53,634 | yfinance                     | ERROR   | $CTRA: No data found, symbol may be delisted
2026-08-14 20:56:53,928 | yfinance                     | ERROR   | $MRO: No data found, symbol may be delisted
2026-08-14 20:56:58,318 | yfinance                     | ERROR   | $NOVA: No data found, symbol may be delisted
2026-08-14 20:57:00,970 | yfinance                     | ERROR   | $SAVE: No data found, symbol may be delisted
2026-08-14 20:57:05,192 | yfinance                     | ERROR   | $SAVA: No data found, symbol may be delisted
2026-08-14 20:57:05,752 | yfinance                     | ERROR   | $EXAS: No data found, symbol may be delisted
2026-08-14 20:57:06,286 | gap_trend_bot.universe       | INFO    | Universe filter: 284 -> 1 symbols passed stage 1
2026-08-14 20:57:06,404 | gap_trend_bot.trades         | INFO    | SCAN SUMMARY | scanned=296 | passed_universe_filter=1 | entry_signals=0
2026-08-14 20:57:06,404 | gap_trend_bot.main           | INFO    | Found 0 qualifying setups today.
2026-08-14 20:57:06,404 | gap_trend_bot.history        | INFO    | Saved 0 results to history/scan_2026-08-14.json
2026-08-14 20:57:06,404 | gap_trend_bot.supabase       | INFO    | No scan results today - nothing to push.
2026-08-14 20:57:06,404 | gap_trend_bot.main           | INFO    | Today's results are live in Supabase - no manual paste needed.
2026-08-14 20:57:06,404 | gap_trend_bot.main           | INFO    | Updating outcomes for past recommendations...
2026-08-14 20:57:06,405 | gap_trend_bot.main           | INFO    | Done. Results saved under history/ (backup) and pushed to Supabase if configured.
2026-08-17 20:48:57,308 | gap_trend_bot.main           | INFO    | Running daily scan across 296 symbols...
2026-08-17 20:48:57,308 | gap_trend_bot.scanner        | INFO    | ======================================================================
2026-08-17 20:48:57,308 | gap_trend_bot.scanner        | INFO    | Starting daily scan | watchlist size = 296
2026-08-17 20:48:58,056 | gap_trend_bot.sentiment      | INFO    | Sentiment SPY: close=772.67 sma20=757.73 healthy=True
2026-08-17 20:48:58,377 | gap_trend_bot.sentiment      | INFO    | Sentiment QQQ: close=729.87 sma20=705.82 healthy=True
2026-08-17 20:49:09,395 | yfinance                     | ERROR   | $SQ: No data found, symbol may be delisted
2026-08-17 20:49:18,667 | yfinance                     | ERROR   | $MMC: No data found, symbol may be delisted
2026-08-17 20:49:21,558 | yfinance                     | ERROR   | $BK: No data found, symbol may be delisted
2026-08-17 20:49:23,833 | yfinance                     | ERROR   | $FI: No data found, symbol may be delisted
2026-08-17 20:49:47,198 | yfinance                     | ERROR   | $PXD: No data found, symbol may be delisted
2026-08-17 20:49:50,005 | yfinance                     | ERROR   | $HES: No data found, symbol may be delisted
2026-08-17 20:49:50,350 | yfinance                     | ERROR   | $CTRA: No data found, symbol may be delisted
2026-08-17 20:49:51,096 | yfinance                     | ERROR   | $MRO: No data found, symbol may be delisted
2026-08-17 20:49:57,228 | yfinance                     | ERROR   | $NOVA: No data found, symbol may be delisted
2026-08-17 20:49:59,975 | yfinance                     | ERROR   | $SAVE: No data found, symbol may be delisted
2026-08-17 20:50:06,935 | yfinance                     | ERROR   | $SAVA: No data found, symbol may be delisted
2026-08-17 20:50:08,601 | yfinance                     | ERROR   | $EXAS: No data found, symbol may be delisted
2026-08-17 20:50:09,550 | gap_trend_bot.universe       | INFO    | Universe filter: 284 -> 0 symbols passed stage 1
2026-08-17 20:50:09,550 | gap_trend_bot.trades         | INFO    | SCAN SUMMARY | scanned=296 | passed_universe_filter=0 | entry_signals=0
2026-08-17 20:50:09,550 | gap_trend_bot.main           | INFO    | Found 0 qualifying setups today.
2026-08-17 20:50:09,551 | gap_trend_bot.history        | INFO    | Saved 0 results to history/scan_2026-08-17.json
2026-08-17 20:50:09,551 | gap_trend_bot.supabase       | INFO    | No scan results today - nothing to push.
2026-08-17 20:50:09,551 | gap_trend_bot.main           | INFO    | Today's results are live in Supabase - no manual paste needed.
2026-08-17 20:50:09,551 | gap_trend_bot.main           | INFO    | Updating outcomes for past recommendations...
2026-08-17 20:50:09,552 | gap_trend_bot.main           | INFO    | Done. Results saved under history/ (backup) and pushed to Supabase if configured.
2026-08-18 20:00:41,220 | gap_trend_bot.main           | INFO    | Running daily scan across 296 symbols...
2026-08-18 20:00:41,220 | gap_trend_bot.scanner        | INFO    | ======================================================================
2026-08-18 20:00:41,220 | gap_trend_bot.scanner        | INFO    | Starting daily scan | watchlist size = 296
2026-08-18 20:00:42,101 | gap_trend_bot.sentiment      | INFO    | Sentiment SPY: close=767.36 sma20=758.68 healthy=True
2026-08-18 20:00:42,349 | gap_trend_bot.sentiment      | INFO    | Sentiment QQQ: close=717.51 sma20=706.24 healthy=True
2026-08-18 20:00:53,141 | yfinance                     | ERROR   | $SQ: No data found, symbol may be delisted
2026-08-18 20:01:02,399 | yfinance                     | ERROR   | $MMC: No data found, symbol may be delisted
2026-08-18 20:01:05,613 | yfinance                     | ERROR   | $BK: No data found, symbol may be delisted
2026-08-18 20:01:08,354 | yfinance                     | ERROR   | $FI: No data found, symbol may be delisted
2026-08-18 20:01:32,242 | yfinance                     | ERROR   | $PXD: No data found, symbol may be delisted
2026-08-18 20:01:35,479 | yfinance                     | ERROR   | $HES: No data found, symbol may be delisted
2026-08-18 20:01:35,999 | yfinance                     | ERROR   | $CTRA: No data found, symbol may be delisted
2026-08-18 20:01:36,503 | yfinance                     | ERROR   | $MRO: No data found, symbol may be delisted
2026-08-18 20:01:43,230 | yfinance                     | ERROR   | $NOVA: No data found, symbol may be delisted
2026-08-18 20:01:46,911 | yfinance                     | ERROR   | $SAVE: No data found, symbol may be delisted
2026-08-18 20:01:53,698 | yfinance                     | ERROR   | $SAVA: No data found, symbol may be delisted
2026-08-18 20:01:54,886 | yfinance                     | ERROR   | $EXAS: No data found, symbol may be delisted
2026-08-18 20:01:55,835 | gap_trend_bot.universe       | INFO    | Universe filter: 284 -> 0 symbols passed stage 1
2026-08-18 20:01:55,835 | gap_trend_bot.trades         | INFO    | SCAN SUMMARY | scanned=296 | passed_universe_filter=0 | entry_signals=0
2026-08-18 20:01:55,835 | gap_trend_bot.main           | INFO    | Found 0 qualifying setups today.
2026-08-18 20:01:55,836 | gap_trend_bot.history        | INFO    | Saved 0 results to history/scan_2026-08-18.json
2026-08-18 20:01:55,836 | gap_trend_bot.supabase       | INFO    | No scan results today - nothing to push.
2026-08-18 20:01:55,836 | gap_trend_bot.main           | INFO    | Today's results are live in Supabase - no manual paste needed.
2026-08-18 20:01:55,836 | gap_trend_bot.main           | INFO    | Updating outcomes for past recommendations...
2026-08-18 20:01:55,837 | gap_trend_bot.main           | INFO    | Done. Results saved under history/ (backup) and pushed to Supabase if configured.
2026-08-19 20:03:35,302 | gap_trend_bot.main           | INFO    | Running daily scan across 296 symbols...
2026-08-19 20:03:35,302 | gap_trend_bot.scanner        | INFO    | ======================================================================
2026-08-19 20:03:35,302 | gap_trend_bot.scanner        | INFO    | Starting daily scan | watchlist size = 296
2026-08-19 20:03:35,711 | gap_trend_bot.sentiment      | INFO    | Sentiment SPY: close=769.10 sma20=759.77 healthy=True
2026-08-19 20:03:35,850 | gap_trend_bot.sentiment      | INFO    | Sentiment QQQ: close=716.08 sma20=706.78 healthy=True
2026-08-19 20:03:44,624 | yfinance                     | ERROR   | $SQ: No data found, symbol may be delisted
2026-08-19 20:03:50,791 | yfinance                     | ERROR   | $MMC: No data found, symbol may be delisted
2026-08-19 20:03:53,467 | yfinance                     | ERROR   | $BK: No data found, symbol may be delisted
2026-08-19 20:03:55,632 | yfinance                     | ERROR   | $FI: No data found, symbol may be delisted
2026-08-19 20:04:15,838 | yfinance                     | ERROR   | $PXD: No data found, symbol may be delisted
2026-08-19 20:04:18,302 | yfinance                     | ERROR   | $HES: No data found, symbol may be delisted
2026-08-19 20:04:18,681 | yfinance                     | ERROR   | $CTRA: No data found, symbol may be delisted
2026-08-19 20:04:19,150 | yfinance                     | ERROR   | $MRO: No data found, symbol may be delisted
2026-08-19 20:04:25,421 | yfinance                     | ERROR   | $NOVA: No data found, symbol may be delisted
2026-08-19 20:04:28,180 | yfinance                     | ERROR   | $SAVE: No data found, symbol may be delisted
2026-08-19 20:04:33,265 | yfinance                     | ERROR   | $SAVA: No data found, symbol may be delisted
2026-08-19 20:04:34,140 | yfinance                     | ERROR   | $EXAS: No data found, symbol may be delisted
2026-08-19 20:04:34,793 | gap_trend_bot.universe       | INFO    | Universe filter: 284 -> 4 symbols passed stage 1
2026-08-19 20:04:35,432 | gap_trend_bot.trades         | INFO    | SCAN SUMMARY | scanned=296 | passed_universe_filter=4 | entry_signals=0
2026-08-19 20:04:35,432 | gap_trend_bot.main           | INFO    | Found 0 qualifying setups today.
2026-08-19 20:04:35,433 | gap_trend_bot.history        | INFO    | Saved 0 results to history/scan_2026-08-19.json
2026-08-19 20:04:35,433 | gap_trend_bot.supabase       | INFO    | No scan results today - nothing to push.
2026-08-19 20:04:35,433 | gap_trend_bot.main           | INFO    | Today's results are live in Supabase - no manual paste needed.
2026-08-19 20:04:35,433 | gap_trend_bot.main           | INFO    | Updating outcomes for past recommendations...
2026-08-19 20:04:35,434 | gap_trend_bot.main           | INFO    | Done. Results saved under history/ (backup) and pushed to Supabase if configured.
2026-08-20 20:57:35,326 | gap_trend_bot.main           | INFO    | Running daily scan across 296 symbols...
2026-08-20 20:57:35,326 | gap_trend_bot.scanner        | INFO    | ======================================================================
2026-08-20 20:57:35,326 | gap_trend_bot.scanner        | INFO    | Starting daily scan | watchlist size = 296
2026-08-20 20:57:35,631 | gap_trend_bot.sentiment      | INFO    | Sentiment SPY: close=762.60 sma20=760.99 healthy=True
2026-08-20 20:57:35,798 | gap_trend_bot.sentiment      | INFO    | Sentiment QQQ: close=710.93 sma20=707.73 healthy=True
2026-08-20 20:57:44,800 | yfinance                     | ERROR   | $SQ: No data found, symbol may be delisted
2026-08-20 20:57:50,990 | yfinance                     | ERROR   | $MMC: No data found, symbol may be delisted
2026-08-20 20:57:53,703 | yfinance                     | ERROR   | $BK: No data found, symbol may be delisted
2026-08-20 20:57:55,800 | yfinance                     | ERROR   | $FI: No data found, symbol may be delisted
2026-08-20 20:58:14,464 | yfinance                     | ERROR   | $PXD: No data found, symbol may be delisted
2026-08-20 20:58:16,744 | yfinance                     | ERROR   | $HES: No data found, symbol may be delisted
2026-08-20 20:58:17,021 | yfinance                     | ERROR   | $CTRA: No data found, symbol may be delisted
2026-08-20 20:58:17,320 | yfinance                     | ERROR   | $MRO: No data found, symbol may be delisted
2026-08-20 20:58:21,640 | yfinance                     | ERROR   | $NOVA: No data found, symbol may be delisted
2026-08-20 20:58:24,009 | yfinance                     | ERROR   | $SAVE: No data found, symbol may be delisted
2026-08-20 20:58:27,782 | yfinance                     | ERROR   | $SAVA: No data found, symbol may be delisted
2026-08-20 20:58:28,370 | yfinance                     | ERROR   | $EXAS: No data found, symbol may be delisted
2026-08-20 20:58:28,918 | gap_trend_bot.universe       | INFO    | Universe filter: 284 -> 2 symbols passed stage 1
2026-08-20 20:58:29,139 | gap_trend_bot.trades         | INFO    | SCAN SUMMARY | scanned=296 | passed_universe_filter=2 | entry_signals=0
2026-08-20 20:58:29,139 | gap_trend_bot.main           | INFO    | Found 0 qualifying setups today.
2026-08-20 20:58:29,139 | gap_trend_bot.history        | INFO    | Saved 0 results to history/scan_2026-08-20.json
2026-08-20 20:58:29,139 | gap_trend_bot.supabase       | INFO    | No scan results today - nothing to push.
2026-08-20 20:58:29,139 | gap_trend_bot.main           | INFO    | Today's results are live in Supabase - no manual paste needed.
2026-08-20 20:58:29,139 | gap_trend_bot.main           | INFO    | Updating outcomes for past recommendations...
2026-08-20 20:58:29,140 | gap_trend_bot.main           | INFO    | Done. Results saved under history/ (backup) and pushed to Supabase if configured.
2026-08-21 20:00:54,473 | gap_trend_bot.main           | INFO    | Running daily scan across 296 symbols...
2026-08-21 20:00:54,473 | gap_trend_bot.scanner        | INFO    | ======================================================================
2026-08-21 20:00:54,474 | gap_trend_bot.scanner        | INFO    | Starting daily scan | watchlist size = 296
2026-08-21 20:00:55,064 | gap_trend_bot.sentiment      | INFO    | Sentiment SPY: close=765.62 sma20=762.32 healthy=True
2026-08-21 20:00:55,266 | gap_trend_bot.sentiment      | INFO    | Sentiment QQQ: close=713.44 sma20=709.19 healthy=True
2026-08-21 20:01:02,333 | yfinance                     | ERROR   | $SQ: No data found, symbol may be delisted
2026-08-21 20:01:07,621 | yfinance                     | ERROR   | $MMC: No data found, symbol may be delisted
2026-08-21 20:01:10,085 | yfinance                     | ERROR   | $BK: No data found, symbol may be delisted
2026-08-21 20:01:11,990 | yfinance                     | ERROR   | $FI: No data found, symbol may be delisted
2026-08-21 20:01:29,872 | yfinance                     | ERROR   | $PXD: No data found, symbol may be delisted
2026-08-21 20:01:32,235 | yfinance                     | ERROR   | $HES: No data found, symbol may be delisted
2026-08-21 20:01:32,556 | yfinance                     | ERROR   | $CTRA: No data found, symbol may be delisted
2026-08-21 20:01:32,925 | yfinance                     | ERROR   | $MRO: No data found, symbol may be delisted
2026-08-21 20:01:37,035 | yfinance                     | ERROR   | $NOVA: No data found, symbol may be delisted
2026-08-21 20:01:39,307 | yfinance                     | ERROR   | $SAVE: No data found, symbol may be delisted
2026-08-21 20:01:43,220 | yfinance                     | ERROR   | $SAVA: No data found, symbol may be delisted
2026-08-21 20:01:44,158 | yfinance                     | ERROR   | $EXAS: No data found, symbol may be delisted
2026-08-21 20:01:44,669 | gap_trend_bot.universe       | INFO    | Universe filter: 284 -> 2 symbols passed stage 1
2026-08-21 20:01:44,854 | gap_trend_bot.trades         | INFO    | SCAN SUMMARY | scanned=296 | passed_universe_filter=2 | entry_signals=0
2026-08-21 20:01:44,854 | gap_trend_bot.main           | INFO    | Found 0 qualifying setups today.
2026-08-21 20:01:44,854 | gap_trend_bot.history        | INFO    | Saved 0 results to history/scan_2026-08-21.json
2026-08-21 20:01:44,854 | gap_trend_bot.supabase       | INFO    | No scan results today - nothing to push.
2026-08-21 20:01:44,855 | gap_trend_bot.main           | INFO    | Today's results are live in Supabase - no manual paste needed.
2026-08-21 20:01:44,855 | gap_trend_bot.main           | INFO    | Updating outcomes for past recommendations...
2026-08-21 20:01:44,856 | gap_trend_bot.main           | INFO    | Done. Results saved under history/ (backup) and pushed to Supabase if configured.
2026-08-24 21:01:54,800 | gap_trend_bot.main           | INFO    | Running daily scan across 296 symbols...
2026-08-24 21:01:54,800 | gap_trend_bot.scanner        | INFO    | ======================================================================
2026-08-24 21:01:54,800 | gap_trend_bot.scanner        | INFO    | Starting daily scan | watchlist size = 296
2026-08-24 21:01:55,080 | gap_trend_bot.sentiment      | INFO    | Sentiment SPY: close=763.47 sma20=763.55 healthy=False
2026-08-24 21:01:55,260 | gap_trend_bot.sentiment      | INFO    | Sentiment QQQ: close=706.32 sma20=710.40 healthy=False
2026-08-24 21:02:03,525 | yfinance                     | ERROR   | $SQ: No data found, symbol may be delisted
2026-08-24 21:02:09,275 | yfinance                     | ERROR   | $MMC: No data found, symbol may be delisted
2026-08-24 21:02:11,597 | yfinance                     | ERROR   | $BK: No data found, symbol may be delisted
2026-08-24 21:02:13,485 | yfinance                     | ERROR   | $FI: No data found, symbol may be delisted
2026-08-24 21:02:30,723 | yfinance                     | ERROR   | $PXD: No data found, symbol may be delisted
2026-08-24 21:02:33,031 | yfinance                     | ERROR   | $HES: No data found, symbol may be delisted
2026-08-24 21:02:33,359 | yfinance                     | ERROR   | $CTRA: No data found, symbol may be delisted
2026-08-24 21:02:33,681 | yfinance                     | ERROR   | $MRO: No data found, symbol may be delisted
2026-08-24 21:02:38,152 | yfinance                     | ERROR   | $NOVA: No data found, symbol may be delisted
2026-08-24 21:02:40,456 | yfinance                     | ERROR   | $SAVE: No data found, symbol may be delisted
2026-08-24 21:02:45,008 | yfinance                     | ERROR   | $SAVA: No data found, symbol may be delisted
2026-08-24 21:02:45,739 | yfinance                     | ERROR   | $EXAS: No data found, symbol may be delisted
2026-08-24 21:02:46,474 | gap_trend_bot.universe       | INFO    | Universe filter: 284 -> 1 symbols passed stage 1
2026-08-24 21:02:46,577 | gap_trend_bot.trades         | INFO    | SCAN SUMMARY | scanned=296 | passed_universe_filter=1 | entry_signals=0
2026-08-24 21:02:46,577 | gap_trend_bot.main           | INFO    | Found 0 qualifying setups today.
2026-08-24 21:02:46,577 | gap_trend_bot.history        | INFO    | Saved 0 results to history/scan_2026-08-24.json
2026-08-24 21:02:46,577 | gap_trend_bot.supabase       | INFO    | No scan results today - nothing to push.
2026-08-24 21:02:46,577 | gap_trend_bot.main           | INFO    | Today's results are live in Supabase - no manual paste needed.
2026-08-24 21:02:46,577 | gap_trend_bot.main           | INFO    | Updating outcomes for past recommendations...
2026-08-24 21:02:46,579 | gap_trend_bot.main           | INFO    | Done. Results saved under history/ (backup) and pushed to Supabase if configured.
2026-08-25 20:56:04,517 | gap_trend_bot.main           | INFO    | Running daily scan across 296 symbols...
2026-08-25 20:56:04,517 | gap_trend_bot.scanner        | INFO    | ======================================================================
2026-08-25 20:56:04,517 | gap_trend_bot.scanner        | INFO    | Starting daily scan | watchlist size = 296
2026-08-25 20:56:04,793 | gap_trend_bot.sentiment      | INFO    | Sentiment SPY: close=765.91 sma20=764.80 healthy=True
2026-08-25 20:56:04,949 | gap_trend_bot.sentiment      | INFO    | Sentiment QQQ: close=710.72 sma20=712.16 healthy=False
2026-08-25 20:56:12,262 | yfinance                     | ERROR   | $SQ: No data found, symbol may be delisted
2026-08-25 20:56:18,028 | yfinance                     | ERROR   | $MMC: No data found, symbol may be delisted
2026-08-25 20:56:20,392 | yfinance                     | ERROR   | $BK: No data found, symbol may be delisted
2026-08-25 20:56:22,347 | yfinance                     | ERROR   | $FI: No data found, symbol may be delisted
2026-08-25 20:56:39,653 | yfinance                     | ERROR   | $PXD: No data found, symbol may be delisted
2026-08-25 20:56:41,977 | yfinance                     | ERROR   | $HES: No data found, symbol may be delisted
2026-08-25 20:56:42,263 | yfinance                     | ERROR   | $CTRA: No data found, symbol may be delisted
2026-08-25 20:56:42,667 | yfinance                     | ERROR   | $MRO: No data found, symbol may be delisted
2026-08-25 20:56:47,716 | yfinance                     | ERROR   | $NOVA: No data found, symbol may be delisted
2026-08-25 20:56:50,168 | yfinance                     | ERROR   | $SAVE: No data found, symbol may be delisted
2026-08-25 20:56:55,075 | yfinance                     | ERROR   | $SAVA: No data found, symbol may be delisted
2026-08-25 20:56:55,776 | yfinance                     | ERROR   | $EXAS: No data found, symbol may be delisted
2026-08-25 20:56:56,431 | gap_trend_bot.universe       | INFO    | Universe filter: 284 -> 3 symbols passed stage 1
2026-08-25 20:56:56,675 | gap_trend_bot.trades         | INFO    | SCAN SUMMARY | scanned=296 | passed_universe_filter=3 | entry_signals=0
2026-08-25 20:56:56,675 | gap_trend_bot.main           | INFO    | Found 0 qualifying setups today.
2026-08-25 20:56:56,675 | gap_trend_bot.history        | INFO    | Saved 0 results to history/scan_2026-08-25.json
2026-08-25 20:56:56,675 | gap_trend_bot.supabase       | INFO    | No scan results today - nothing to push.
2026-08-25 20:56:56,675 | gap_trend_bot.main           | INFO    | Today's results are live in Supabase - no manual paste needed.
2026-08-25 20:56:56,675 | gap_trend_bot.main           | INFO    | Updating outcomes for past recommendations...
2026-08-25 20:56:56,677 | gap_trend_bot.main           | INFO    | Done. Results saved under history/ (backup) and pushed to Supabase if configured.
2026-08-28 02:16:49,652 | gap_trend_bot.main           | INFO    | Running daily scan across 296 symbols...
2026-08-28 02:16:49,652 | gap_trend_bot.scanner        | INFO    | ======================================================================
2026-08-28 02:16:49,652 | gap_trend_bot.scanner        | INFO    | Starting daily scan | watchlist size = 296
2026-08-28 02:16:50,021 | gap_trend_bot.sentiment      | INFO    | Sentiment SPY: close=771.10 sma20=768.10 healthy=True
2026-08-28 02:16:50,172 | gap_trend_bot.sentiment      | INFO    | Sentiment QQQ: close=721.11 sma20=716.52 healthy=True
2026-08-28 02:16:56,678 | yfinance                     | ERROR   | $SQ: No data found, symbol may be delisted
2026-08-28 02:17:01,554 | yfinance                     | ERROR   | $MMC: No data found, symbol may be delisted
2026-08-28 02:17:03,815 | yfinance                     | ERROR   | $BK: No data found, symbol may be delisted
2026-08-28 02:17:05,699 | yfinance                     | ERROR   | $FI: No data found, symbol may be delisted
2026-08-28 02:17:22,873 | yfinance                     | ERROR   | $PXD: No data found, symbol may be delisted
2026-08-28 02:17:25,276 | yfinance                     | ERROR   | $HES: No data found, symbol may be delisted
2026-08-28 02:17:25,591 | yfinance                     | ERROR   | $CTRA: No data found, symbol may be delisted
2026-08-28 02:17:25,938 | yfinance                     | ERROR   | $MRO: No data found, symbol may be delisted
2026-08-28 02:17:30,064 | yfinance                     | ERROR   | $NOVA: No data found, symbol may be delisted
2026-08-28 02:17:32,324 | yfinance                     | ERROR   | $SAVE: No data found, symbol may be delisted
2026-08-28 02:17:36,139 | yfinance                     | ERROR   | $SAVA: No data found, symbol may be delisted
2026-08-28 02:17:36,751 | yfinance                     | ERROR   | $EXAS: No data found, symbol may be delisted
2026-08-28 02:17:37,363 | gap_trend_bot.universe       | INFO    | Universe filter: 284 -> 3 symbols passed stage 1
2026-08-28 02:17:37,614 | gap_trend_bot.trades         | INFO    | SCAN SUMMARY | scanned=296 | passed_universe_filter=3 | entry_signals=0
2026-08-28 02:17:37,614 | gap_trend_bot.main           | INFO    | Found 0 qualifying setups today.
2026-08-28 02:17:37,614 | gap_trend_bot.history        | INFO    | Saved 0 results to history/scan_2026-08-28.json
2026-08-28 02:17:37,615 | gap_trend_bot.supabase       | INFO    | No scan results today - nothing to push.
2026-08-28 02:17:37,615 | gap_trend_bot.main           | INFO    | Today's results are live in Supabase - no manual paste needed.
2026-08-28 02:17:37,615 | gap_trend_bot.main           | INFO    | Updating outcomes for past recommendations...
2026-08-28 02:17:37,616 | gap_trend_bot.main           | INFO    | Done. Results saved under history/ (backup) and pushed to Supabase if configured.
2026-08-28 21:59:07,556 | gap_trend_bot.main           | INFO    | Running daily scan across 296 symbols...
2026-08-28 21:59:07,556 | gap_trend_bot.scanner        | INFO    | ======================================================================
2026-08-28 21:59:07,556 | gap_trend_bot.scanner        | INFO    | Starting daily scan | watchlist size = 296
2026-08-28 21:59:07,902 | gap_trend_bot.sentiment      | INFO    | Sentiment SPY: close=769.35 sma20=769.22 healthy=True
2026-08-28 21:59:08,069 | gap_trend_bot.sentiment      | INFO    | Sentiment QQQ: close=716.43 sma20=717.94 healthy=False
2026-08-28 21:59:15,886 | yfinance                     | ERROR   | $SQ: No data found, symbol may be delisted
2026-08-28 21:59:21,345 | yfinance                     | ERROR   | $MMC: No data found, symbol may be delisted
2026-08-28 21:59:23,715 | yfinance                     | ERROR   | $BK: No data found, symbol may be delisted
2026-08-28 21:59:25,726 | yfinance                     | ERROR   | $FI: No data found, symbol may be delisted
2026-08-28 21:59:43,557 | yfinance                     | ERROR   | $PXD: No data found, symbol may be delisted
2026-08-28 21:59:45,829 | yfinance                     | ERROR   | $HES: No data found, symbol may be delisted
2026-08-28 21:59:46,145 | yfinance                     | ERROR   | $CTRA: No data found, symbol may be delisted
2026-08-28 21:59:46,488 | yfinance                     | ERROR   | $MRO: No data found, symbol may be delisted
2026-08-28 21:59:51,077 | yfinance                     | ERROR   | $NOVA: No data found, symbol may be delisted
2026-08-28 21:59:53,541 | yfinance                     | ERROR   | $SAVE: No data found, symbol may be delisted
2026-08-28 21:59:58,160 | yfinance                     | ERROR   | $SAVA: No data found, symbol may be delisted
2026-08-28 21:59:58,881 | yfinance                     | ERROR   | $EXAS: No data found, symbol may be delisted
2026-08-28 21:59:59,546 | gap_trend_bot.universe       | INFO    | Universe filter: 284 -> 0 symbols passed stage 1
2026-08-28 21:59:59,547 | gap_trend_bot.trades         | INFO    | SCAN SUMMARY | scanned=296 | passed_universe_filter=0 | entry_signals=0
2026-08-28 21:59:59,547 | gap_trend_bot.main           | INFO    | Found 0 qualifying setups today.
2026-08-28 21:59:59,547 | gap_trend_bot.history        | INFO    | Saved 0 results to history/scan_2026-08-28.json
2026-08-28 21:59:59,547 | gap_trend_bot.supabase       | INFO    | No scan results today - nothing to push.
2026-08-28 21:59:59,547 | gap_trend_bot.main           | INFO    | Today's results are live in Supabase - no manual paste needed.
2026-08-28 21:59:59,547 | gap_trend_bot.main           | INFO    | Updating outcomes for past recommendations...
2026-08-28 21:59:59,549 | gap_trend_bot.main           | INFO    | Done. Results saved under history/ (backup) and pushed to Supabase if configured.
2026-08-28 22:00:19,460 | gap_trend_bot.main           | INFO    | Running daily scan across 296 symbols...
2026-08-28 22:00:19,460 | gap_trend_bot.scanner        | INFO    | ======================================================================
2026-08-28 22:00:19,460 | gap_trend_bot.scanner        | INFO    | Starting daily scan | watchlist size = 296
2026-08-28 22:00:19,885 | gap_trend_bot.sentiment      | INFO    | Sentiment SPY: close=769.35 sma20=769.22 healthy=True
2026-08-28 22:00:20,070 | gap_trend_bot.sentiment      | INFO    | Sentiment QQQ: close=716.43 sma20=717.94 healthy=False
2026-08-28 22:00:30,919 | yfinance                     | ERROR   | $SQ: No data found, symbol may be delisted
2026-08-28 22:00:37,455 | yfinance                     | ERROR   | $MMC: No data found, symbol may be delisted
2026-08-28 22:00:40,135 | yfinance                     | ERROR   | $BK: No data found, symbol may be delisted
2026-08-28 22:00:42,308 | yfinance                     | ERROR   | $FI: No data found, symbol may be delisted
2026-08-28 22:01:02,552 | yfinance                     | ERROR   | $PXD: No data found, symbol may be delisted
2026-08-28 22:01:06,465 | yfinance                     | ERROR   | $HES: No data found, symbol may be delisted
2026-08-28 22:01:06,752 | yfinance                     | ERROR   | $CTRA: No data found, symbol may be delisted
2026-08-28 22:01:07,095 | yfinance                     | ERROR   | $MRO: No data found, symbol may be delisted
2026-08-28 22:01:11,792 | yfinance                     | ERROR   | $NOVA: No data found, symbol may be delisted
2026-08-28 22:01:14,529 | yfinance                     | ERROR   | $SAVE: No data found, symbol may be delisted
2026-08-28 22:01:19,804 | yfinance                     | ERROR   | $SAVA: No data found, symbol may be delisted
2026-08-28 22:01:20,571 | yfinance                     | ERROR   | $EXAS: No data found, symbol may be delisted
2026-08-28 22:01:21,334 | gap_trend_bot.universe       | INFO    | Universe filter: 284 -> 0 symbols passed stage 1
2026-08-28 22:01:21,334 | gap_trend_bot.trades         | INFO    | SCAN SUMMARY | scanned=296 | passed_universe_filter=0 | entry_signals=0
2026-08-28 22:01:21,334 | gap_trend_bot.main           | INFO    | Found 0 qualifying setups today.
2026-08-28 22:01:21,335 | gap_trend_bot.history        | INFO    | Saved 0 results to history/scan_2026-08-28.json
2026-08-28 22:01:21,335 | gap_trend_bot.supabase       | INFO    | No scan results today - nothing to push.
2026-08-28 22:01:21,335 | gap_trend_bot.main           | INFO    | Today's results are live in Supabase - no manual paste needed.
2026-08-28 22:01:21,335 | gap_trend_bot.main           | INFO    | Updating outcomes for past recommendations...
2026-08-28 22:01:21,336 | gap_trend_bot.main           | INFO    | Done. Results saved under history/ (backup) and pushed to Supabase if configured.
2026-08-31 13:41:38,101 | gap_trend_bot.main           | INFO    | Running daily scan across 296 symbols...
2026-08-31 13:41:38,101 | gap_trend_bot.scanner        | INFO    | ======================================================================
2026-08-31 13:41:38,102 | gap_trend_bot.scanner        | INFO    | Starting daily scan | watchlist size = 296
2026-08-31 13:41:38,584 | gap_trend_bot.sentiment      | INFO    | Sentiment SPY: close=766.21 sma20=769.64 healthy=False
2026-08-31 13:41:38,797 | gap_trend_bot.sentiment      | INFO    | Sentiment QQQ: close=714.55 sma20=718.67 healthy=False
2026-08-31 13:41:47,141 | yfinance                     | ERROR   | $SQ: No data found, symbol may be delisted
2026-08-31 13:41:54,901 | yfinance                     | ERROR   | $MMC: No data found, symbol may be delisted
2026-08-31 13:41:57,582 | yfinance                     | ERROR   | $BK: No data found, symbol may be delisted
2026-08-31 13:41:59,789 | yfinance                     | ERROR   | $FI: No data found, symbol may be delisted
2026-08-31 13:42:20,211 | yfinance                     | ERROR   | $PXD: No data found, symbol may be delisted
2026-08-31 13:42:22,944 | yfinance                     | ERROR   | $HES: No data found, symbol may be delisted
2026-08-31 13:42:23,318 | yfinance                     | ERROR   | $CTRA: No data found, symbol may be delisted
2026-08-31 13:42:23,700 | yfinance                     | ERROR   | $MRO: No data found, symbol may be delisted
2026-08-31 13:42:28,835 | yfinance                     | ERROR   | $NOVA: No data found, symbol may be delisted
2026-08-31 13:42:31,743 | yfinance                     | ERROR   | $SAVE: No data found, symbol may be delisted
2026-08-31 13:42:38,498 | yfinance                     | ERROR   | $SAVA: No data found, symbol may be delisted
2026-08-31 13:42:39,351 | yfinance                     | ERROR   | $EXAS: No data found, symbol may be delisted
2026-08-31 13:42:40,081 | gap_trend_bot.universe       | INFO    | Universe filter: 284 -> 0 symbols passed stage 1
2026-08-31 13:42:40,081 | gap_trend_bot.trades         | INFO    | SCAN SUMMARY | scanned=296 | passed_universe_filter=0 | entry_signals=0
2026-08-31 13:42:40,081 | gap_trend_bot.main           | INFO    | Found 0 qualifying setups today.
2026-08-31 13:42:40,081 | gap_trend_bot.history        | INFO    | Saved 0 results to history/scan_2026-08-31.json
2026-08-31 13:42:40,082 | gap_trend_bot.supabase       | INFO    | No scan results today - nothing to push.
2026-08-31 13:42:40,082 | gap_trend_bot.main           | INFO    | Today's results are live in Supabase - no manual paste needed.
2026-08-31 13:42:40,082 | gap_trend_bot.main           | INFO    | Updating outcomes for past recommendations...
2026-08-31 13:42:40,083 | gap_trend_bot.main           | INFO    | Done. Results saved under history/ (backup) and pushed to Supabase if configured.
2026-08-31 16:37:02,254 | gap_trend_bot.main           | INFO    | Running daily scan across 296 symbols...
2026-08-31 16:37:02,255 | gap_trend_bot.scanner        | INFO    | ======================================================================
2026-08-31 16:37:02,255 | gap_trend_bot.scanner        | INFO    | Starting daily scan | watchlist size = 296
2026-08-31 16:37:03,019 | gap_trend_bot.sentiment      | INFO    | Sentiment SPY: close=765.77 sma20=769.62 healthy=False
2026-08-31 16:37:03,218 | gap_trend_bot.sentiment      | INFO    | Sentiment QQQ: close=714.70 sma20=718.67 healthy=False
2026-08-31 16:37:13,358 | yfinance                     | ERROR   | $SQ: No data found, symbol may be delisted
2026-08-31 16:37:20,469 | yfinance                     | ERROR   | $MMC: No data found, symbol may be delisted
2026-08-31 16:37:24,100 | yfinance                     | ERROR   | $BK: No data found, symbol may be delisted
2026-08-31 16:37:26,830 | yfinance                     | ERROR   | $FI: No data found, symbol may be delisted
2026-08-31 16:37:50,696 | yfinance                     | ERROR   | $PXD: No data found, symbol may be delisted
2026-08-31 16:37:53,699 | yfinance                     | ERROR   | $HES: No data found, symbol may be delisted
2026-08-31 16:37:54,094 | yfinance                     | ERROR   | $CTRA: No data found, symbol may be delisted
2026-08-31 16:37:54,490 | yfinance                     | ERROR   | $MRO: No data found, symbol may be delisted
2026-08-31 16:38:00,583 | yfinance                     | ERROR   | $NOVA: No data found, symbol may be delisted
2026-08-31 16:38:03,773 | yfinance                     | ERROR   | $SAVE: No data found, symbol may be delisted
2026-08-31 16:38:10,024 | yfinance                     | ERROR   | $SAVA: No data found, symbol may be delisted
2026-08-31 16:38:11,040 | yfinance                     | ERROR   | $EXAS: No data found, symbol may be delisted
2026-08-31 16:38:11,852 | gap_trend_bot.universe       | INFO    | Universe filter: 284 -> 0 symbols passed stage 1
2026-08-31 16:38:11,853 | gap_trend_bot.trades         | INFO    | SCAN SUMMARY | scanned=296 | passed_universe_filter=0 | entry_signals=0
2026-08-31 16:38:11,853 | gap_trend_bot.main           | INFO    | Found 0 qualifying setups today.
2026-08-31 16:38:11,853 | gap_trend_bot.history        | INFO    | Saved 0 results to history/scan_2026-08-31.json
2026-08-31 16:38:11,853 | gap_trend_bot.supabase       | INFO    | No scan results today - nothing to push.
2026-08-31 16:38:11,853 | gap_trend_bot.main           | INFO    | Today's results are live in Supabase - no manual paste needed.
2026-08-31 16:38:11,853 | gap_trend_bot.main           | INFO    | Updating outcomes for past recommendations...
2026-08-31 16:38:11,855 | gap_trend_bot.main           | INFO    | Done. Results saved under history/ (backup) and pushed to Supabase if configured.
2026-08-31 19:37:25,675 | gap_trend_bot.main           | INFO    | Running daily scan across 296 symbols...
2026-08-31 19:37:25,675 | gap_trend_bot.scanner        | INFO    | ======================================================================
2026-08-31 19:37:25,675 | gap_trend_bot.scanner        | INFO    | Starting daily scan | watchlist size = 296
2026-08-31 19:37:26,014 | gap_trend_bot.sentiment      | INFO    | Sentiment SPY: close=766.59 sma20=769.08 healthy=False
2026-08-31 19:37:26,173 | gap_trend_bot.sentiment      | INFO    | Sentiment QQQ: close=715.43 sma20=717.89 healthy=False
2026-08-31 19:37:33,025 | yfinance                     | ERROR   | $SQ: No data found, symbol may be delisted
2026-08-31 19:37:38,810 | yfinance                     | ERROR   | $MMC: No data found, symbol may be delisted
2026-08-31 19:37:40,984 | yfinance                     | ERROR   | $BK: No data found, symbol may be delisted
2026-08-31 19:37:43,120 | yfinance                     | ERROR   | $FI: No data found, symbol may be delisted
2026-08-31 19:38:03,886 | yfinance                     | ERROR   | $PXD: No data found, symbol may be delisted
2026-08-31 19:38:06,189 | yfinance                     | ERROR   | $HES: No data found, symbol may be delisted
2026-08-31 19:38:06,473 | yfinance                     | ERROR   | $CTRA: No data found, symbol may be delisted
2026-08-31 19:38:06,744 | yfinance                     | ERROR   | $MRO: No data found, symbol may be delisted
2026-08-31 19:38:11,349 | yfinance                     | ERROR   | $NOVA: No data found, symbol may be delisted
2026-08-31 19:38:13,544 | yfinance                     | ERROR   | $SAVE: No data found, symbol may be delisted
2026-08-31 19:38:17,785 | yfinance                     | ERROR   | $SAVA: No data found, symbol may be delisted
2026-08-31 19:38:18,438 | yfinance                     | ERROR   | $EXAS: No data found, symbol may be delisted
2026-08-31 19:38:19,049 | gap_trend_bot.universe       | INFO    | Universe filter: 284 -> 1 symbols passed stage 1
2026-08-31 19:38:19,104 | gap_trend_bot.trades         | INFO    | SCAN SUMMARY | scanned=296 | passed_universe_filter=1 | entry_signals=0
2026-08-31 19:38:19,104 | gap_trend_bot.main           | INFO    | Found 0 qualifying setups today.
2026-08-31 19:38:19,105 | gap_trend_bot.history        | INFO    | Saved 0 results to history/scan_2026-08-31.json
2026-08-31 19:38:19,105 | gap_trend_bot.supabase       | INFO    | No scan results today - nothing to push.
2026-08-31 19:38:19,105 | gap_trend_bot.main           | INFO    | Today's results are live in Supabase - no manual paste needed.
2026-08-31 19:38:19,105 | gap_trend_bot.main           | INFO    | Updating outcomes for past recommendations...
2026-08-31 19:38:19,106 | gap_trend_bot.main           | INFO    | Done. Results saved under history/ (backup) and pushed to Supabase if configured.
2026-09-01 13:45:57,655 | gap_trend_bot.main           | INFO    | Running daily scan across 296 symbols...
2026-09-01 13:45:57,655 | gap_trend_bot.scanner        | INFO    | ======================================================================
2026-09-01 13:45:57,655 | gap_trend_bot.scanner        | INFO    | Starting daily scan | watchlist size = 296
2026-09-01 13:45:58,593 | gap_trend_bot.sentiment      | INFO    | Sentiment SPY: close=762.03 sma20=769.22 healthy=False
2026-09-01 13:45:58,856 | gap_trend_bot.sentiment      | INFO    | Sentiment QQQ: close=707.34 sma20=717.95 healthy=False
2026-09-01 13:46:16,698 | yfinance                     | ERROR   | $SQ: No data found, symbol may be delisted
2026-09-01 13:46:28,432 | yfinance                     | ERROR   | $MMC: No data found, symbol may be delisted
2026-09-01 13:46:33,358 | yfinance                     | ERROR   | $BK: No data found, symbol may be delisted
2026-09-01 13:46:37,477 | yfinance                     | ERROR   | $FI: No data found, symbol may be delisted
2026-09-01 13:47:16,351 | yfinance                     | ERROR   | $PXD: No data found, symbol may be delisted
2026-09-01 13:47:21,218 | yfinance                     | ERROR   | $HES: No data found, symbol may be delisted
2026-09-01 13:47:21,905 | yfinance                     | ERROR   | $CTRA: No data found, symbol may be delisted
2026-09-01 13:47:22,620 | yfinance                     | ERROR   | $MRO: No data found, symbol may be delisted
2026-09-01 13:47:32,801 | yfinance                     | ERROR   | $NOVA: possibly delisted; no price data found  (period=35d)
2026-09-01 13:47:38,733 | yfinance                     | ERROR   | $SAVE: No data found, symbol may be delisted
2026-09-01 13:47:49,312 | yfinance                     | ERROR   | $SAVA: No data found, symbol may be delisted
2026-09-01 13:47:51,082 | yfinance                     | ERROR   | $EXAS: No data found, symbol may be delisted
2026-09-01 13:47:52,827 | gap_trend_bot.universe       | INFO    | Universe filter: 284 -> 0 symbols passed stage 1
2026-09-01 13:47:52,827 | gap_trend_bot.trades         | INFO    | SCAN SUMMARY | scanned=296 | passed_universe_filter=0 | entry_signals=0
2026-09-01 13:47:52,827 | gap_trend_bot.main           | INFO    | Found 0 qualifying setups today.
2026-09-01 13:47:52,828 | gap_trend_bot.history        | INFO    | Saved 0 results to history/scan_2026-09-01.json
2026-09-01 13:47:52,828 | gap_trend_bot.supabase       | INFO    | No scan results today - nothing to push.
2026-09-01 13:47:52,828 | gap_trend_bot.main           | INFO    | Today's results are live in Supabase - no manual paste needed.
2026-09-01 13:47:52,828 | gap_trend_bot.main           | INFO    | Updating outcomes for past recommendations...
2026-09-01 13:47:52,829 | gap_trend_bot.main           | INFO    | Done. Results saved under history/ (backup) and pushed to Supabase if configured.
2026-09-01 16:50:06,684 | gap_trend_bot.main           | INFO    | Running daily scan across 296 symbols...
2026-09-01 16:50:06,684 | gap_trend_bot.scanner        | INFO    | ======================================================================
2026-09-01 16:50:06,684 | gap_trend_bot.scanner        | INFO    | Starting daily scan | watchlist size = 296
2026-09-01 16:50:07,497 | gap_trend_bot.sentiment      | INFO    | Sentiment SPY: close=761.91 sma20=769.21 healthy=False
2026-09-01 16:50:07,749 | gap_trend_bot.sentiment      | INFO    | Sentiment QQQ: close=708.51 sma20=718.01 healthy=False
2026-09-01 16:50:21,600 | yfinance                     | ERROR   | $SQ: No data found, symbol may be delisted
2026-09-01 16:50:32,187 | yfinance                     | ERROR   | $MMC: No data found, symbol may be delisted
2026-09-01 16:50:36,116 | yfinance                     | ERROR   | $BK: No data found, symbol may be delisted
2026-09-01 16:50:39,379 | yfinance                     | ERROR   | $FI: No data found, symbol may be delisted
2026-09-01 16:51:08,158 | yfinance                     | ERROR   | $PXD: No data found, symbol may be delisted
2026-09-01 16:51:12,039 | yfinance                     | ERROR   | $HES: No data found, symbol may be delisted
2026-09-01 16:51:12,666 | yfinance                     | ERROR   | $CTRA: No data found, symbol may be delisted
2026-09-01 16:51:13,226 | yfinance                     | ERROR   | $MRO: No data found, symbol may be delisted
2026-09-01 16:51:21,414 | yfinance                     | ERROR   | $NOVA: No data found, symbol may be delisted
2026-09-01 16:51:25,902 | yfinance                     | ERROR   | $SAVE: No data found, symbol may be delisted
2026-09-01 16:51:34,873 | yfinance                     | ERROR   | $SAVA: No data found, symbol may be delisted
2026-09-01 16:51:36,301 | yfinance                     | ERROR   | $EXAS: No data found, symbol may be delisted
2026-09-01 16:51:37,485 | gap_trend_bot.universe       | INFO    | Universe filter: 284 -> 0 symbols passed stage 1
2026-09-01 16:51:37,485 | gap_trend_bot.trades         | INFO    | SCAN SUMMARY | scanned=296 | passed_universe_filter=0 | entry_signals=0
2026-09-01 16:51:37,485 | gap_trend_bot.main           | INFO    | Found 0 qualifying setups today.
2026-09-01 16:51:37,486 | gap_trend_bot.history        | INFO    | Saved 0 results to history/scan_2026-09-01.json
2026-09-01 16:51:37,486 | gap_trend_bot.supabase       | INFO    | No scan results today - nothing to push.
2026-09-01 16:51:37,486 | gap_trend_bot.main           | INFO    | Today's results are live in Supabase - no manual paste needed.
2026-09-01 16:51:37,486 | gap_trend_bot.main           | INFO    | Updating outcomes for past recommendations...
2026-09-01 16:51:37,487 | gap_trend_bot.main           | INFO    | Done. Results saved under history/ (backup) and pushed to Supabase if configured.
2026-09-01 19:38:39,689 | gap_trend_bot.main           | INFO    | Running daily scan across 296 symbols...
2026-09-01 19:38:39,690 | gap_trend_bot.scanner        | INFO    | ======================================================================
2026-09-01 19:38:39,690 | gap_trend_bot.scanner        | INFO    | Starting daily scan | watchlist size = 296
2026-09-01 19:38:40,514 | gap_trend_bot.sentiment      | INFO    | Sentiment SPY: close=760.88 sma20=769.16 healthy=False
2026-09-01 19:38:40,759 | gap_trend_bot.sentiment      | INFO    | Sentiment QQQ: close=707.16 sma20=717.94 healthy=False
2026-09-01 19:38:51,027 | yfinance                     | ERROR   | $SQ: No data found, symbol may be delisted
2026-09-01 19:38:58,611 | yfinance                     | ERROR   | $MMC: No data found, symbol may be delisted
2026-09-01 19:39:01,646 | yfinance                     | ERROR   | $BK: No data found, symbol may be delisted
2026-09-01 19:39:04,137 | yfinance                     | ERROR   | $FI: No data found, symbol may be delisted
2026-09-01 19:39:28,825 | yfinance                     | ERROR   | $PXD: No data found, symbol may be delisted
2026-09-01 19:39:31,789 | yfinance                     | ERROR   | $HES: No data found, symbol may be delisted
2026-09-01 19:39:32,213 | yfinance                     | ERROR   | $CTRA: No data found, symbol may be delisted
2026-09-01 19:39:32,628 | yfinance                     | ERROR   | $MRO: No data found, symbol may be delisted
2026-09-01 19:39:38,458 | yfinance                     | ERROR   | $NOVA: No data found, symbol may be delisted
2026-09-01 19:39:42,118 | yfinance                     | ERROR   | $SAVE: No data found, symbol may be delisted
2026-09-01 19:39:48,400 | yfinance                     | ERROR   | $SAVA: No data found, symbol may be delisted
2026-09-01 19:39:49,342 | yfinance                     | ERROR   | $EXAS: No data found, symbol may be delisted
2026-09-01 19:39:50,107 | gap_trend_bot.universe       | INFO    | Universe filter: 284 -> 1 symbols passed stage 1
2026-09-01 19:39:50,225 | gap_trend_bot.trades         | INFO    | SCAN SUMMARY | scanned=296 | passed_universe_filter=1 | entry_signals=0
2026-09-01 19:39:50,225 | gap_trend_bot.main           | INFO    | Found 0 qualifying setups today.
2026-09-01 19:39:50,226 | gap_trend_bot.history        | INFO    | Saved 0 results to history/scan_2026-09-01.json
2026-09-01 19:39:50,226 | gap_trend_bot.supabase       | INFO    | No scan results today - nothing to push.
2026-09-01 19:39:50,226 | gap_trend_bot.main           | INFO    | Today's results are live in Supabase - no manual paste needed.
2026-09-01 19:39:50,226 | gap_trend_bot.main           | INFO    | Updating outcomes for past recommendations...
2026-09-01 19:39:50,227 | gap_trend_bot.main           | INFO    | Done. Results saved under history/ (backup) and pushed to Supabase if configured.
2026-09-02 13:47:01,518 | gap_trend_bot.main           | INFO    | Running daily scan across 296 symbols...
2026-09-02 13:47:01,518 | gap_trend_bot.scanner        | INFO    | ======================================================================
2026-09-02 13:47:01,518 | gap_trend_bot.scanner        | INFO    | Starting daily scan | watchlist size = 296
2026-09-02 13:47:01,940 | gap_trend_bot.sentiment      | INFO    | Sentiment SPY: close=762.23 sma20=768.83 healthy=False
2026-09-02 13:47:02,077 | gap_trend_bot.sentiment      | INFO    | Sentiment QQQ: close=706.24 sma20=717.41 healthy=False
2026-09-02 13:47:08,826 | yfinance                     | ERROR   | $SQ: No data found, symbol may be delisted
2026-09-02 13:47:13,581 | yfinance                     | ERROR   | $MMC: No data found, symbol may be delisted
2026-09-02 13:47:15,734 | yfinance                     | ERROR   | $BK: No data found, symbol may be delisted
2026-09-02 13:47:17,715 | yfinance                     | ERROR   | $FI: No data found, symbol may be delisted
2026-09-02 13:47:33,699 | yfinance                     | ERROR   | $PXD: No data found, symbol may be delisted
2026-09-02 13:47:36,018 | yfinance                     | ERROR   | $HES: No data found, symbol may be delisted
2026-09-02 13:47:36,290 | yfinance                     | ERROR   | $CTRA: No data found, symbol may be delisted
2026-09-02 13:47:36,653 | yfinance                     | ERROR   | $MRO: No data found, symbol may be delisted
2026-09-02 13:47:40,674 | yfinance                     | ERROR   | $NOVA: No data found, symbol may be delisted
2026-09-02 13:47:42,837 | yfinance                     | ERROR   | $SAVE: No data found, symbol may be delisted
2026-09-02 13:47:46,846 | yfinance                     | ERROR   | $SAVA: No data found, symbol may be delisted
2026-09-02 13:47:47,477 | yfinance                     | ERROR   | $EXAS: No data found, symbol may be delisted
2026-09-02 13:47:48,039 | gap_trend_bot.universe       | INFO    | Universe filter: 284 -> 0 symbols passed stage 1
2026-09-02 13:47:48,039 | gap_trend_bot.trades         | INFO    | SCAN SUMMARY | scanned=296 | passed_universe_filter=0 | entry_signals=0
2026-09-02 13:47:48,039 | gap_trend_bot.main           | INFO    | Found 0 qualifying setups today.
2026-09-02 13:47:48,040 | gap_trend_bot.history        | INFO    | Saved 0 results to history/scan_2026-09-02.json
2026-09-02 13:47:48,040 | gap_trend_bot.supabase       | INFO    | No scan results today - nothing to push.
2026-09-02 13:47:48,040 | gap_trend_bot.main           | INFO    | Today's results are live in Supabase - no manual paste needed.
2026-09-02 13:47:48,040 | gap_trend_bot.main           | INFO    | Updating outcomes for past recommendations...
2026-09-02 13:47:48,041 | gap_trend_bot.main           | INFO    | Done. Results saved under history/ (backup) and pushed to Supabase if configured.
2026-09-02 16:42:25,049 | gap_trend_bot.main           | INFO    | Running daily scan across 296 symbols...
2026-09-02 16:42:25,049 | gap_trend_bot.scanner        | INFO    | ======================================================================
2026-09-02 16:42:25,049 | gap_trend_bot.scanner        | INFO    | Starting daily scan | watchlist size = 296
2026-09-02 16:42:25,432 | gap_trend_bot.sentiment      | INFO    | Sentiment SPY: close=764.93 sma20=768.96 healthy=False
2026-09-02 16:42:25,731 | gap_trend_bot.sentiment      | INFO    | Sentiment QQQ: close=708.36 sma20=717.52 healthy=False
2026-09-02 16:42:33,332 | yfinance                     | ERROR   | $SQ: No data found, symbol may be delisted
2026-09-02 16:42:39,266 | yfinance                     | ERROR   | $MMC: No data found, symbol may be delisted
2026-09-02 16:42:41,800 | yfinance                     | ERROR   | $BK: No data found, symbol may be delisted
2026-09-02 16:42:43,869 | yfinance                     | ERROR   | $FI: No data found, symbol may be delisted
2026-09-02 16:43:02,842 | yfinance                     | ERROR   | $PXD: No data found, symbol may be delisted
2026-09-02 16:43:05,303 | yfinance                     | ERROR   | $HES: No data found, symbol may be delisted
2026-09-02 16:43:05,685 | yfinance                     | ERROR   | $CTRA: No data found, symbol may be delisted
2026-09-02 16:43:06,063 | yfinance                     | ERROR   | $MRO: No data found, symbol may be delisted
2026-09-02 16:43:11,337 | yfinance                     | ERROR   | $NOVA: No data found, symbol may be delisted
2026-09-02 16:43:14,099 | yfinance                     | ERROR   | $SAVE: No data found, symbol may be delisted
2026-09-02 16:43:18,330 | yfinance                     | ERROR   | $SAVA: No data found, symbol may be delisted
2026-09-02 16:43:19,066 | yfinance                     | ERROR   | $EXAS: No data found, symbol may be delisted
2026-09-02 16:43:19,704 | gap_trend_bot.universe       | INFO    | Universe filter: 284 -> 0 symbols passed stage 1
2026-09-02 16:43:19,705 | gap_trend_bot.trades         | INFO    | SCAN SUMMARY | scanned=296 | passed_universe_filter=0 | entry_signals=0
2026-09-02 16:43:19,705 | gap_trend_bot.main           | INFO    | Found 0 qualifying setups today.
2026-09-02 16:43:19,705 | gap_trend_bot.history        | INFO    | Saved 0 results to history/scan_2026-09-02.json
2026-09-02 16:43:19,705 | gap_trend_bot.supabase       | INFO    | No scan results today - nothing to push.
2026-09-02 16:43:19,705 | gap_trend_bot.main           | INFO    | Today's results are live in Supabase - no manual paste needed.
2026-09-02 16:43:19,705 | gap_trend_bot.main           | INFO    | Updating outcomes for past recommendations...
2026-09-02 16:43:19,707 | gap_trend_bot.main           | INFO    | Done. Results saved under history/ (backup) and pushed to Supabase if configured.
2026-09-02 19:38:35,977 | gap_trend_bot.main           | INFO    | Running daily scan across 296 symbols...
2026-09-02 19:38:35,977 | gap_trend_bot.scanner        | INFO    | ======================================================================
2026-09-02 19:38:35,977 | gap_trend_bot.scanner        | INFO    | Starting daily scan | watchlist size = 296
2026-09-02 19:38:36,420 | gap_trend_bot.sentiment      | INFO    | Sentiment SPY: close=765.10 sma20=768.97 healthy=False
2026-09-02 19:38:36,551 | gap_trend_bot.sentiment      | INFO    | Sentiment QQQ: close=708.50 sma20=717.53 healthy=False
2026-09-02 19:38:43,351 | yfinance                     | ERROR   | $SQ: No data found, symbol may be delisted
2026-09-02 19:38:47,410 | yfinance                     | ERROR   | $MMC: No data found, symbol may be delisted
2026-09-02 19:38:49,714 | yfinance                     | ERROR   | $BK: No data found, symbol may be delisted
2026-09-02 19:38:51,455 | yfinance                     | ERROR   | $FI: No data found, symbol may be delisted
2026-09-02 19:39:04,435 | yfinance                     | ERROR   | $PXD: No data found, symbol may be delisted
2026-09-02 19:39:06,363 | yfinance                     | ERROR   | $HES: No data found, symbol may be delisted
2026-09-02 19:39:06,574 | yfinance                     | ERROR   | $CTRA: No data found, symbol may be delisted
2026-09-02 19:39:06,760 | yfinance                     | ERROR   | $MRO: No data found, symbol may be delisted
2026-09-02 19:39:10,282 | yfinance                     | ERROR   | $NOVA: No data found, symbol may be delisted
2026-09-02 19:39:12,798 | yfinance                     | ERROR   | $SAVE: No data found, symbol may be delisted
2026-09-02 19:39:16,848 | yfinance                     | ERROR   | $SAVA: No data found, symbol may be delisted
2026-09-02 19:39:17,343 | yfinance                     | ERROR   | $EXAS: No data found, symbol may be delisted
2026-09-02 19:39:17,781 | gap_trend_bot.universe       | INFO    | Universe filter: 284 -> 1 symbols passed stage 1
2026-09-02 19:39:17,833 | gap_trend_bot.trades         | INFO    | SCAN SUMMARY | scanned=296 | passed_universe_filter=1 | entry_signals=0
2026-09-02 19:39:17,833 | gap_trend_bot.main           | INFO    | Found 0 qualifying setups today.
2026-09-02 19:39:17,833 | gap_trend_bot.history        | INFO    | Saved 0 results to history/scan_2026-09-02.json
2026-09-02 19:39:17,833 | gap_trend_bot.supabase       | INFO    | No scan results today - nothing to push.
2026-09-02 19:39:17,833 | gap_trend_bot.main           | INFO    | Today's results are live in Supabase - no manual paste needed.
2026-09-02 19:39:17,833 | gap_trend_bot.main           | INFO    | Updating outcomes for past recommendations...
2026-09-02 19:39:17,834 | gap_trend_bot.main           | INFO    | Done. Results saved under history/ (backup) and pushed to Supabase if configured.
2026-09-03 13:46:19,739 | gap_trend_bot.main           | INFO    | Running daily scan across 296 symbols...
2026-09-03 13:46:19,739 | gap_trend_bot.scanner        | INFO    | ======================================================================
2026-09-03 13:46:19,739 | gap_trend_bot.scanner        | INFO    | Starting daily scan | watchlist size = 296
2026-09-03 13:46:20,389 | gap_trend_bot.sentiment      | INFO    | Sentiment SPY: close=769.76 sma20=769.04 healthy=True
2026-09-03 13:46:20,619 | gap_trend_bot.sentiment      | INFO    | Sentiment QQQ: close=712.97 sma20=717.48 healthy=False
2026-09-03 13:46:32,245 | yfinance                     | ERROR   | $SQ: No data found, symbol may be delisted
2026-09-03 13:46:41,250 | yfinance                     | ERROR   | $MMC: No data found, symbol may be delisted
2026-09-03 13:46:44,786 | yfinance                     | ERROR   | $BK: No data found, symbol may be delisted
2026-09-03 13:46:47,577 | yfinance                     | ERROR   | $FI: No data found, symbol may be delisted
2026-09-03 13:47:13,282 | yfinance                     | ERROR   | $PXD: No data found, symbol may be delisted
2026-09-03 13:47:16,671 | yfinance                     | ERROR   | $HES: No data found, symbol may be delisted
2026-09-03 13:47:17,227 | yfinance                     | ERROR   | $CTRA: No data found, symbol may be delisted
2026-09-03 13:47:17,749 | yfinance                     | ERROR   | $MRO: No data found, symbol may be delisted
2026-09-03 13:47:24,888 | yfinance                     | ERROR   | $NOVA: No data found, symbol may be delisted
2026-09-03 13:47:28,600 | yfinance                     | ERROR   | $SAVE: No data found, symbol may be delisted
2026-09-03 13:47:35,515 | yfinance                     | ERROR   | $SAVA: No data found, symbol may be delisted
2026-09-03 13:47:36,657 | yfinance                     | ERROR   | $EXAS: No data found, symbol may be delisted
2026-09-03 13:47:37,675 | gap_trend_bot.universe       | INFO    | Universe filter: 284 -> 0 symbols passed stage 1
2026-09-03 13:47:37,675 | gap_trend_bot.trades         | INFO    | SCAN SUMMARY | scanned=296 | passed_universe_filter=0 | entry_signals=0
2026-09-03 13:47:37,675 | gap_trend_bot.main           | INFO    | Found 0 qualifying setups today.
2026-09-03 13:47:37,675 | gap_trend_bot.history        | INFO    | Saved 0 results to history/scan_2026-09-03.json
2026-09-03 13:47:37,675 | gap_trend_bot.supabase       | INFO    | No scan results today - nothing to push.
2026-09-03 13:47:37,675 | gap_trend_bot.main           | INFO    | Today's results are live in Supabase - no manual paste needed.
2026-09-03 13:47:37,675 | gap_trend_bot.main           | INFO    | Updating outcomes for past recommendations...
2026-09-03 13:47:37,677 | gap_trend_bot.main           | INFO    | Done. Results saved under history/ (backup) and pushed to Supabase if configured.
2026-09-03 16:41:41,767 | gap_trend_bot.main           | INFO    | Running daily scan across 296 symbols...
2026-09-03 16:41:41,767 | gap_trend_bot.scanner        | INFO    | ======================================================================
2026-09-03 16:41:41,767 | gap_trend_bot.scanner        | INFO    | Starting daily scan | watchlist size = 296
2026-09-03 16:41:42,402 | gap_trend_bot.sentiment      | INFO    | Sentiment SPY: close=773.13 sma20=769.20 healthy=True
2026-09-03 16:41:42,616 | gap_trend_bot.sentiment      | INFO    | Sentiment QQQ: close=717.55 sma20=717.71 healthy=False
2026-09-03 16:41:52,428 | yfinance                     | ERROR   | $SQ: No data found, symbol may be delisted
2026-09-03 16:41:59,798 | yfinance                     | ERROR   | $MMC: No data found, symbol may be delisted
2026-09-03 16:42:02,840 | yfinance                     | ERROR   | $BK: No data found, symbol may be delisted
2026-09-03 16:42:05,549 | yfinance                     | ERROR   | $FI: No data found, symbol may be delisted
2026-09-03 16:42:28,147 | yfinance                     | ERROR   | $PXD: No data found, symbol may be delisted
2026-09-03 16:42:32,106 | yfinance                     | ERROR   | $HES: No data found, symbol may be delisted
2026-09-03 16:42:32,582 | yfinance                     | ERROR   | $CTRA: No data found, symbol may be delisted
2026-09-03 16:42:33,001 | yfinance                     | ERROR   | $MRO: No data found, symbol may be delisted
2026-09-03 16:42:39,245 | yfinance                     | ERROR   | $NOVA: No data found, symbol may be delisted
2026-09-03 16:42:42,505 | yfinance                     | ERROR   | $SAVE: No data found, symbol may be delisted
2026-09-03 16:42:48,623 | yfinance                     | ERROR   | $SAVA: No data found, symbol may be delisted
2026-09-03 16:42:49,617 | yfinance                     | ERROR   | $EXAS: No data found, symbol may be delisted
2026-09-03 16:42:50,506 | gap_trend_bot.universe       | INFO    | Universe filter: 284 -> 1 symbols passed stage 1
2026-09-03 16:42:50,643 | gap_trend_bot.trades         | INFO    | SCAN SUMMARY | scanned=296 | passed_universe_filter=1 | entry_signals=0
2026-09-03 16:42:50,643 | gap_trend_bot.main           | INFO    | Found 0 qualifying setups today.
2026-09-03 16:42:50,644 | gap_trend_bot.history        | INFO    | Saved 0 results to history/scan_2026-09-03.json
2026-09-03 16:42:50,644 | gap_trend_bot.supabase       | INFO    | No scan results today - nothing to push.
2026-09-03 16:42:50,644 | gap_trend_bot.main           | INFO    | Today's results are live in Supabase - no manual paste needed.
2026-09-03 16:42:50,644 | gap_trend_bot.main           | INFO    | Updating outcomes for past recommendations...
2026-09-03 16:42:50,645 | gap_trend_bot.main           | INFO    | Done. Results saved under history/ (backup) and pushed to Supabase if configured.
2026-09-04 13:46:08,281 | gap_trend_bot.main           | INFO    | Running daily scan across 296 symbols...
2026-09-04 13:46:08,281 | gap_trend_bot.scanner        | INFO    | ======================================================================
2026-09-04 13:46:08,281 | gap_trend_bot.scanner        | INFO    | Starting daily scan | watchlist size = 296
2026-09-04 13:46:08,624 | gap_trend_bot.sentiment      | INFO    | Sentiment SPY: close=771.91 sma20=769.14 healthy=True
2026-09-04 13:46:08,761 | gap_trend_bot.sentiment      | INFO    | Sentiment QQQ: close=719.46 sma20=717.54 healthy=True
2026-09-04 13:46:15,609 | yfinance                     | ERROR   | $SQ: No data found, symbol may be delisted
2026-09-04 13:46:20,449 | yfinance                     | ERROR   | $MMC: No data found, symbol may be delisted
2026-09-04 13:46:22,639 | yfinance                     | ERROR   | $BK: No data found, symbol may be delisted
2026-09-04 13:46:24,477 | yfinance                     | ERROR   | $FI: No data found, symbol may be delisted
2026-09-04 13:46:40,239 | yfinance                     | ERROR   | $PXD: No data found, symbol may be delisted
2026-09-04 13:46:42,442 | yfinance                     | ERROR   | $HES: No data found, symbol may be delisted
2026-09-04 13:46:42,731 | yfinance                     | ERROR   | $CTRA: No data found, symbol may be delisted
2026-09-04 13:46:43,021 | yfinance                     | ERROR   | $MRO: No data found, symbol may be delisted
2026-09-04 13:46:46,980 | yfinance                     | ERROR   | $NOVA: No data found, symbol may be delisted
2026-09-04 13:46:49,269 | yfinance                     | ERROR   | $SAVE: No data found, symbol may be delisted
2026-09-04 13:46:53,472 | yfinance                     | ERROR   | $SAVA: No data found, symbol may be delisted
2026-09-04 13:46:54,463 | yfinance                     | ERROR   | $EXAS: No data found, symbol may be delisted
2026-09-04 13:46:54,977 | gap_trend_bot.universe       | INFO    | Universe filter: 284 -> 0 symbols passed stage 1
2026-09-04 13:46:54,977 | gap_trend_bot.trades         | INFO    | SCAN SUMMARY | scanned=296 | passed_universe_filter=0 | entry_signals=0
2026-09-04 13:46:54,977 | gap_trend_bot.main           | INFO    | Found 0 qualifying setups today.
2026-09-04 13:46:54,978 | gap_trend_bot.history        | INFO    | Saved 0 results to history/scan_2026-09-04.json
2026-09-04 13:46:54,978 | gap_trend_bot.supabase       | INFO    | No scan results today - nothing to push.
2026-09-04 13:46:54,978 | gap_trend_bot.main           | INFO    | Today's results are live in Supabase - no manual paste needed.
2026-09-04 13:46:54,978 | gap_trend_bot.main           | INFO    | Updating outcomes for past recommendations...
2026-09-04 13:46:54,980 | gap_trend_bot.main           | INFO    | Done. Results saved under history/ (backup) and pushed to Supabase if configured.
2026-09-04 16:39:54,773 | gap_trend_bot.main           | INFO    | Running daily scan across 296 symbols...
2026-09-04 16:39:54,773 | gap_trend_bot.scanner        | INFO    | ======================================================================
2026-09-04 16:39:54,773 | gap_trend_bot.scanner        | INFO    | Starting daily scan | watchlist size = 296
2026-09-04 16:39:55,418 | gap_trend_bot.sentiment      | INFO    | Sentiment SPY: close=770.80 sma20=769.08 healthy=True
2026-09-04 16:39:55,631 | gap_trend_bot.sentiment      | INFO    | Sentiment QQQ: close=718.81 sma20=717.50 healthy=True
2026-09-04 16:40:06,062 | yfinance                     | ERROR   | $SQ: No data found, symbol may be delisted
2026-09-04 16:40:14,306 | yfinance                     | ERROR   | $MMC: No data found, symbol may be delisted
2026-09-04 16:40:17,633 | yfinance                     | ERROR   | $BK: No data found, symbol may be delisted
2026-09-04 16:40:20,373 | yfinance                     | ERROR   | $FI: No data found, symbol may be delisted
2026-09-04 16:40:44,381 | yfinance                     | ERROR   | $PXD: No data found, symbol may be delisted
2026-09-04 16:40:47,335 | yfinance                     | ERROR   | $HES: No data found, symbol may be delisted
2026-09-04 16:40:48,054 | yfinance                     | ERROR   | $CTRA: No data found, symbol may be delisted
2026-09-04 16:40:48,632 | yfinance                     | ERROR   | $MRO: No data found, symbol may be delisted
2026-09-04 16:40:55,700 | yfinance                     | ERROR   | $NOVA: No data found, symbol may be delisted
2026-09-04 16:40:59,274 | yfinance                     | ERROR   | $SAVE: No data found, symbol may be delisted
2026-09-04 16:41:06,150 | yfinance                     | ERROR   | $SAVA: No data found, symbol may be delisted
2026-09-04 16:41:07,202 | yfinance                     | ERROR   | $EXAS: No data found, symbol may be delisted
2026-09-04 16:41:08,288 | gap_trend_bot.universe       | INFO    | Universe filter: 284 -> 1 symbols passed stage 1
2026-09-04 16:41:08,418 | gap_trend_bot.trades         | INFO    | SCAN SUMMARY | scanned=296 | passed_universe_filter=1 | entry_signals=0
2026-09-04 16:41:08,418 | gap_trend_bot.main           | INFO    | Found 0 qualifying setups today.
2026-09-04 16:41:08,418 | gap_trend_bot.history        | INFO    | Saved 0 results to history/scan_2026-09-04.json
2026-09-04 16:41:08,418 | gap_trend_bot.supabase       | INFO    | No scan results today - nothing to push.
2026-09-04 16:41:08,418 | gap_trend_bot.main           | INFO    | Today's results are live in Supabase - no manual paste needed.
2026-09-04 16:41:08,418 | gap_trend_bot.main           | INFO    | Updating outcomes for past recommendations...
2026-09-04 16:41:08,420 | gap_trend_bot.main           | INFO    | Done. Results saved under history/ (backup) and pushed to Supabase if configured.
2026-09-04 19:39:17,518 | gap_trend_bot.main           | INFO    | Running daily scan across 296 symbols...
2026-09-04 19:39:17,519 | gap_trend_bot.scanner        | INFO    | ======================================================================
2026-09-04 19:39:17,519 | gap_trend_bot.scanner        | INFO    | Starting daily scan | watchlist size = 296
2026-09-04 19:39:17,943 | gap_trend_bot.sentiment      | INFO    | Sentiment SPY: close=769.72 sma20=769.03 healthy=True
2026-09-04 19:39:18,070 | gap_trend_bot.sentiment      | INFO    | Sentiment QQQ: close=718.08 sma20=717.47 healthy=True
2026-09-04 19:39:24,995 | yfinance                     | ERROR   | $SQ: No data found, symbol may be delisted
2026-09-04 19:39:29,850 | yfinance                     | ERROR   | $MMC: No data found, symbol may be delisted
2026-09-04 19:39:32,305 | yfinance                     | ERROR   | $BK: No data found, symbol may be delisted
2026-09-04 19:39:34,022 | yfinance                     | ERROR   | $FI: No data found, symbol may be delisted
2026-09-04 19:39:50,426 | yfinance                     | ERROR   | $PXD: No data found, symbol may be delisted
2026-09-04 19:39:52,485 | yfinance                     | ERROR   | $HES: No data found, symbol may be delisted
2026-09-04 19:39:52,781 | yfinance                     | ERROR   | $CTRA: No data found, symbol may be delisted
2026-09-04 19:39:53,089 | yfinance                     | ERROR   | $MRO: No data found, symbol may be delisted
2026-09-04 19:39:56,983 | yfinance                     | ERROR   | $NOVA: No data found, symbol may be delisted
2026-09-04 19:39:58,993 | yfinance                     | ERROR   | $SAVE: No data found, symbol may be delisted
2026-09-04 19:40:02,889 | yfinance                     | ERROR   | $SAVA: No data found, symbol may be delisted
2026-09-04 19:40:03,614 | yfinance                     | ERROR   | $EXAS: No data found, symbol may be delisted
2026-09-04 19:40:04,276 | gap_trend_bot.universe       | INFO    | Universe filter: 284 -> 1 symbols passed stage 1
2026-09-04 19:40:04,335 | gap_trend_bot.trades         | INFO    | SCAN SUMMARY | scanned=296 | passed_universe_filter=1 | entry_signals=0
2026-09-04 19:40:04,335 | gap_trend_bot.main           | INFO    | Found 0 qualifying setups today.
2026-09-04 19:40:04,336 | gap_trend_bot.history        | INFO    | Saved 0 results to history/scan_2026-09-04.json
2026-09-04 19:40:04,336 | gap_trend_bot.supabase       | INFO    | No scan results today - nothing to push.
2026-09-04 19:40:04,336 | gap_trend_bot.main           | INFO    | Today's results are live in Supabase - no manual paste needed.
2026-09-04 19:40:04,336 | gap_trend_bot.main           | INFO    | Updating outcomes for past recommendations...
2026-09-04 19:40:04,338 | gap_trend_bot.main           | INFO    | Done. Results saved under history/ (backup) and pushed to Supabase if configured.
2026-09-07 13:47:14,437 | gap_trend_bot.main           | INFO    | Running daily scan across 296 symbols...
2026-09-07 13:47:14,437 | gap_trend_bot.scanner        | INFO    | ======================================================================
2026-09-07 13:47:14,437 | gap_trend_bot.scanner        | INFO    | Starting daily scan | watchlist size = 296
2026-09-07 13:47:14,798 | gap_trend_bot.sentiment      | INFO    | Sentiment SPY: close=770.19 sma20=769.05 healthy=True
2026-09-07 13:47:14,918 | gap_trend_bot.sentiment      | INFO    | Sentiment QQQ: close=718.96 sma20=717.51 healthy=True
2026-09-07 13:47:21,347 | yfinance                     | ERROR   | $SQ: No data found, symbol may be delisted
2026-09-07 13:47:25,856 | yfinance                     | ERROR   | $MMC: No data found, symbol may be delisted
2026-09-07 13:47:27,875 | yfinance                     | ERROR   | $BK: No data found, symbol may be delisted
2026-09-07 13:47:29,428 | yfinance                     | ERROR   | $FI: No data found, symbol may be delisted
2026-09-07 13:47:45,059 | yfinance                     | ERROR   | $PXD: No data found, symbol may be delisted
2026-09-07 13:47:47,048 | yfinance                     | ERROR   | $HES: No data found, symbol may be delisted
2026-09-07 13:47:47,307 | yfinance                     | ERROR   | $CTRA: No data found, symbol may be delisted
2026-09-07 13:47:47,564 | yfinance                     | ERROR   | $MRO: No data found, symbol may be delisted
2026-09-07 13:47:51,208 | yfinance                     | ERROR   | $NOVA: No data found, symbol may be delisted
2026-09-07 13:47:53,121 | yfinance                     | ERROR   | $SAVE: No data found, symbol may be delisted
2026-09-07 13:47:56,830 | yfinance                     | ERROR   | $SAVA: No data found, symbol may be delisted
2026-09-07 13:47:57,383 | yfinance                     | ERROR   | $EXAS: No data found, symbol may be delisted
2026-09-07 13:47:57,869 | gap_trend_bot.universe       | INFO    | Universe filter: 284 -> 1 symbols passed stage 1
2026-09-07 13:47:57,931 | gap_trend_bot.trades         | INFO    | SCAN SUMMARY | scanned=296 | passed_universe_filter=1 | entry_signals=0
2026-09-07 13:47:57,931 | gap_trend_bot.main           | INFO    | Found 0 qualifying setups today.
2026-09-07 13:47:57,932 | gap_trend_bot.history        | INFO    | Saved 0 results to history/scan_2026-09-07.json
2026-09-07 13:47:57,932 | gap_trend_bot.supabase       | INFO    | No scan results today - nothing to push.
2026-09-07 13:47:57,932 | gap_trend_bot.main           | INFO    | Today's results are live in Supabase - no manual paste needed.
2026-09-07 13:47:57,932 | gap_trend_bot.main           | INFO    | Updating outcomes for past recommendations...
2026-09-07 13:47:57,934 | gap_trend_bot.main           | INFO    | Done. Results saved under history/ (backup) and pushed to Supabase if configured.
2026-09-07 16:42:05,727 | gap_trend_bot.main           | INFO    | Running daily scan across 296 symbols...
2026-09-07 16:42:05,727 | gap_trend_bot.scanner        | INFO    | ======================================================================
2026-09-07 16:42:05,727 | gap_trend_bot.scanner        | INFO    | Starting daily scan | watchlist size = 296
2026-09-07 16:42:06,053 | gap_trend_bot.sentiment      | INFO    | Sentiment SPY: close=770.19 sma20=769.05 healthy=True
2026-09-07 16:42:06,171 | gap_trend_bot.sentiment      | INFO    | Sentiment QQQ: close=718.96 sma20=717.51 healthy=True
2026-09-07 16:42:11,963 | yfinance                     | ERROR   | $SQ: No data found, symbol may be delisted
2026-09-07 16:42:16,166 | yfinance                     | ERROR   | $MMC: No data found, symbol may be delisted
2026-09-07 16:42:18,210 | yfinance                     | ERROR   | $BK: No data found, symbol may be delisted
2026-09-07 16:42:19,761 | yfinance                     | ERROR   | $FI: No data found, symbol may be delisted
2026-09-07 16:42:34,214 | yfinance                     | ERROR   | $PXD: No data found, symbol may be delisted
2026-09-07 16:42:36,037 | yfinance                     | ERROR   | $HES: No data found, symbol may be delisted
2026-09-07 16:42:36,273 | yfinance                     | ERROR   | $CTRA: No data found, symbol may be delisted
2026-09-07 16:42:36,496 | yfinance                     | ERROR   | $MRO: No data found, symbol may be delisted
2026-09-07 16:42:40,172 | yfinance                     | ERROR   | $NOVA: No data found, symbol may be delisted
2026-09-07 16:42:42,080 | yfinance                     | ERROR   | $SAVE: No data found, symbol may be delisted
2026-09-07 16:42:45,413 | yfinance                     | ERROR   | $SAVA: No data found, symbol may be delisted
2026-09-07 16:42:45,953 | yfinance                     | ERROR   | $EXAS: No data found, symbol may be delisted
2026-09-07 16:42:46,370 | gap_trend_bot.universe       | INFO    | Universe filter: 284 -> 1 symbols passed stage 1
2026-09-07 16:42:46,436 | gap_trend_bot.trades         | INFO    | SCAN SUMMARY | scanned=296 | passed_universe_filter=1 | entry_signals=0
2026-09-07 16:42:46,436 | gap_trend_bot.main           | INFO    | Found 0 qualifying setups today.
2026-09-07 16:42:46,437 | gap_trend_bot.history        | INFO    | Saved 0 results to history/scan_2026-09-07.json
2026-09-07 16:42:46,437 | gap_trend_bot.supabase       | INFO    | No scan results today - nothing to push.
2026-09-07 16:42:46,437 | gap_trend_bot.main           | INFO    | Today's results are live in Supabase - no manual paste needed.
2026-09-07 16:42:46,437 | gap_trend_bot.main           | INFO    | Updating outcomes for past recommendations...
2026-09-07 16:42:46,439 | gap_trend_bot.main           | INFO    | Done. Results saved under history/ (backup) and pushed to Supabase if configured.
2026-09-07 19:41:14,356 | gap_trend_bot.main           | INFO    | Running daily scan across 296 symbols...
2026-09-07 19:41:14,356 | gap_trend_bot.scanner        | INFO    | ======================================================================
2026-09-07 19:41:14,356 | gap_trend_bot.scanner        | INFO    | Starting daily scan | watchlist size = 296
2026-09-07 19:41:15,082 | gap_trend_bot.sentiment      | INFO    | Sentiment SPY: close=770.19 sma20=769.05 healthy=True
2026-09-07 19:41:15,346 | gap_trend_bot.sentiment      | INFO    | Sentiment QQQ: close=718.96 sma20=717.51 healthy=True
2026-09-07 19:41:26,068 | yfinance                     | ERROR   | $SQ: No data found, symbol may be delisted
2026-09-07 19:41:33,920 | yfinance                     | ERROR   | $MMC: No data found, symbol may be delisted
2026-09-07 19:41:36,812 | yfinance                     | ERROR   | $BK: No data found, symbol may be delisted
2026-09-07 19:41:38,935 | yfinance                     | ERROR   | $FI: No data found, symbol may be delisted
2026-09-07 19:42:03,286 | yfinance                     | ERROR   | $PXD: No data found, symbol may be delisted
2026-09-07 19:42:06,478 | yfinance                     | ERROR   | $HES: No data found, symbol may be delisted
2026-09-07 19:42:07,089 | yfinance                     | ERROR   | $CTRA: No data found, symbol may be delisted
2026-09-07 19:42:07,696 | yfinance                     | ERROR   | $MRO: No data found, symbol may be delisted
2026-09-07 19:42:15,141 | yfinance                     | ERROR   | $NOVA: No data found, symbol may be delisted
2026-09-07 19:42:18,103 | yfinance                     | ERROR   | $SAVE: No data found, symbol may be delisted
2026-09-07 19:42:25,181 | yfinance                     | ERROR   | $SAVA: No data found, symbol may be delisted
2026-09-07 19:42:26,066 | yfinance                     | ERROR   | $EXAS: No data found, symbol may be delisted
2026-09-07 19:42:26,799 | gap_trend_bot.universe       | INFO    | Universe filter: 284 -> 1 symbols passed stage 1
2026-09-07 19:42:26,873 | gap_trend_bot.trades         | INFO    | SCAN SUMMARY | scanned=296 | passed_universe_filter=1 | entry_signals=0
2026-09-07 19:42:26,874 | gap_trend_bot.main           | INFO    | Found 0 qualifying setups today.
2026-09-07 19:42:26,874 | gap_trend_bot.history        | INFO    | Saved 0 results to history/scan_2026-09-07.json
2026-09-07 19:42:26,874 | gap_trend_bot.supabase       | INFO    | No scan results today - nothing to push.
2026-09-07 19:42:26,874 | gap_trend_bot.main           | INFO    | Today's results are live in Supabase - no manual paste needed.
2026-09-07 19:42:26,874 | gap_trend_bot.main           | INFO    | Updating outcomes for past recommendations...
2026-09-07 19:42:26,875 | gap_trend_bot.main           | INFO    | Done. Results saved under history/ (backup) and pushed to Supabase if configured.
2026-09-08 13:47:56,991 | gap_trend_bot.main           | INFO    | Running daily scan across 296 symbols...
2026-09-08 13:47:56,991 | gap_trend_bot.scanner        | INFO    | ======================================================================
2026-09-08 13:47:56,991 | gap_trend_bot.scanner        | INFO    | Starting daily scan | watchlist size = 296
2026-09-08 13:47:57,250 | gap_trend_bot.sentiment      | INFO    | Sentiment SPY: close=767.42 sma20=768.77 healthy=False
2026-09-08 13:47:57,345 | gap_trend_bot.sentiment      | INFO    | Sentiment QQQ: close=717.13 sma20=717.32 healthy=False
2026-09-08 13:48:01,737 | yfinance                     | ERROR   | $SQ: No data found, symbol may be delisted
2026-09-08 13:48:04,882 | yfinance                     | ERROR   | $MMC: No data found, symbol may be delisted
2026-09-08 13:48:06,452 | yfinance                     | ERROR   | $BK: No data found, symbol may be delisted
2026-09-08 13:48:07,714 | yfinance                     | ERROR   | $FI: No data found, symbol may be delisted
2026-09-08 13:48:20,113 | yfinance                     | ERROR   | $PXD: No data found, symbol may be delisted
2026-09-08 13:48:21,606 | yfinance                     | ERROR   | $HES: No data found, symbol may be delisted
2026-09-08 13:48:21,769 | yfinance                     | ERROR   | $CTRA: No data found, symbol may be delisted
2026-09-08 13:48:21,932 | yfinance                     | ERROR   | $MRO: No data found, symbol may be delisted
2026-09-08 13:48:24,501 | yfinance                     | ERROR   | $NOVA: No data found, symbol may be delisted
2026-09-08 13:48:25,906 | yfinance                     | ERROR   | $SAVE: No data found, symbol may be delisted
2026-09-08 13:48:28,358 | yfinance                     | ERROR   | $SAVA: No data found, symbol may be delisted
2026-09-08 13:48:28,723 | yfinance                     | ERROR   | $EXAS: No data found, symbol may be delisted
2026-09-08 13:48:29,080 | gap_trend_bot.universe       | INFO    | Universe filter: 284 -> 0 symbols passed stage 1
2026-09-08 13:48:29,080 | gap_trend_bot.trades         | INFO    | SCAN SUMMARY | scanned=296 | passed_universe_filter=0 | entry_signals=0
2026-09-08 13:48:29,080 | gap_trend_bot.main           | INFO    | Found 0 qualifying setups today.
2026-09-08 13:48:29,081 | gap_trend_bot.history        | INFO    | Saved 0 results to history/scan_2026-09-08.json
2026-09-08 13:48:29,081 | gap_trend_bot.supabase       | INFO    | No scan results today - nothing to push.
2026-09-08 13:48:29,081 | gap_trend_bot.main           | INFO    | Today's results are live in Supabase - no manual paste needed.
2026-09-08 13:48:29,081 | gap_trend_bot.main           | INFO    | Updating outcomes for past recommendations...
2026-09-08 13:48:29,083 | gap_trend_bot.main           | INFO    | Done. Results saved under history/ (backup) and pushed to Supabase if configured.
2026-09-08 16:43:07,328 | gap_trend_bot.main           | INFO    | Running daily scan across 296 symbols...
2026-09-08 16:43:07,329 | gap_trend_bot.scanner        | INFO    | ======================================================================
2026-09-08 16:43:07,329 | gap_trend_bot.scanner        | INFO    | Starting daily scan | watchlist size = 296
2026-09-08 16:43:08,191 | gap_trend_bot.sentiment      | INFO    | Sentiment SPY: close=766.93 sma20=768.75 healthy=False
2026-09-08 16:43:08,460 | gap_trend_bot.sentiment      | INFO    | Sentiment QQQ: close=719.22 sma20=717.43 healthy=True
2026-09-08 16:43:24,445 | yfinance                     | ERROR   | $SQ: No data found, symbol may be delisted
2026-09-08 16:43:36,182 | yfinance                     | ERROR   | $MMC: No data found, symbol may be delisted
2026-09-08 16:43:40,695 | yfinance                     | ERROR   | $BK: No data found, symbol may be delisted
2026-09-08 16:43:44,784 | yfinance                     | ERROR   | $FI: No data found, symbol may be delisted
2026-09-08 16:44:18,903 | yfinance                     | ERROR   | $PXD: No data found, symbol may be delisted
2026-09-08 16:44:23,378 | yfinance                     | ERROR   | $HES: No data found, symbol may be delisted
2026-09-08 16:44:24,147 | yfinance                     | ERROR   | $CTRA: No data found, symbol may be delisted
2026-09-08 16:44:24,904 | yfinance                     | ERROR   | $MRO: No data found, symbol may be delisted
2026-09-08 16:44:34,792 | yfinance                     | ERROR   | $NOVA: No data found, symbol may be delisted
2026-09-08 16:44:40,000 | yfinance                     | ERROR   | $SAVE: No data found, symbol may be delisted
2026-09-08 16:44:50,680 | yfinance                     | ERROR   | $SAVA: No data found, symbol may be delisted
2026-09-08 16:44:52,490 | yfinance                     | ERROR   | $EXAS: No data found, symbol may be delisted
2026-09-08 16:44:55,001 | gap_trend_bot.universe       | INFO    | Universe filter: 284 -> 0 symbols passed stage 1
2026-09-08 16:44:55,001 | gap_trend_bot.trades         | INFO    | SCAN SUMMARY | scanned=296 | passed_universe_filter=0 | entry_signals=0
2026-09-08 16:44:55,001 | gap_trend_bot.main           | INFO    | Found 0 qualifying setups today.
2026-09-08 16:44:55,001 | gap_trend_bot.history        | INFO    | Saved 0 results to history/scan_2026-09-08.json
2026-09-08 16:44:55,001 | gap_trend_bot.supabase       | INFO    | No scan results today - nothing to push.
2026-09-08 16:44:55,001 | gap_trend_bot.main           | INFO    | Today's results are live in Supabase - no manual paste needed.
2026-09-08 16:44:55,001 | gap_trend_bot.main           | INFO    | Updating outcomes for past recommendations...
2026-09-08 16:44:55,002 | gap_trend_bot.main           | INFO    | Done. Results saved under history/ (backup) and pushed to Supabase if configured.
2026-09-08 19:41:17,363 | gap_trend_bot.main           | INFO    | Running daily scan across 296 symbols...
2026-09-08 19:41:17,363 | gap_trend_bot.scanner        | INFO    | ======================================================================
2026-09-08 19:41:17,363 | gap_trend_bot.scanner        | INFO    | Starting daily scan | watchlist size = 296
2026-09-08 19:41:17,829 | gap_trend_bot.sentiment      | INFO    | Sentiment SPY: close=767.00 sma20=768.75 healthy=False
2026-09-08 19:41:17,961 | gap_trend_bot.sentiment      | INFO    | Sentiment QQQ: close=718.73 sma20=717.40 healthy=True
2026-09-08 19:41:24,691 | yfinance                     | ERROR   | $SQ: No data found, symbol may be delisted
2026-09-08 19:41:29,638 | yfinance                     | ERROR   | $MMC: No data found, symbol may be delisted
2026-09-08 19:41:31,755 | yfinance                     | ERROR   | $BK: No data found, symbol may be delisted
2026-09-08 19:41:33,654 | yfinance                     | ERROR   | $FI: No data found, symbol may be delisted
2026-09-08 19:41:49,882 | yfinance                     | ERROR   | $PXD: No data found, symbol may be delisted
2026-09-08 19:41:51,992 | yfinance                     | ERROR   | $HES: No data found, symbol may be delisted
2026-09-08 19:41:52,232 | yfinance                     | ERROR   | $CTRA: No data found, symbol may be delisted
2026-09-08 19:41:52,568 | yfinance                     | ERROR   | $MRO: No data found, symbol may be delisted
2026-09-08 19:41:56,396 | yfinance                     | ERROR   | $NOVA: No data found, symbol may be delisted
2026-09-08 19:41:58,336 | yfinance                     | ERROR   | $SAVE: No data found, symbol may be delisted
2026-09-08 19:42:02,047 | yfinance                     | ERROR   | $SAVA: No data found, symbol may be delisted
2026-09-08 19:42:02,646 | yfinance                     | ERROR   | $EXAS: No data found, symbol may be delisted
2026-09-08 19:42:03,133 | gap_trend_bot.universe       | INFO    | Universe filter: 284 -> 0 symbols passed stage 1
2026-09-08 19:42:03,133 | gap_trend_bot.trades         | INFO    | SCAN SUMMARY | scanned=296 | passed_universe_filter=0 | entry_signals=0
2026-09-08 19:42:03,134 | gap_trend_bot.main           | INFO    | Found 0 qualifying setups today.
2026-09-08 19:42:03,134 | gap_trend_bot.history        | INFO    | Saved 0 results to history/scan_2026-09-08.json
2026-09-08 19:42:03,134 | gap_trend_bot.supabase       | INFO    | No scan results today - nothing to push.
2026-09-08 19:42:03,134 | gap_trend_bot.main           | INFO    | Today's results are live in Supabase - no manual paste needed.
2026-09-08 19:42:03,134 | gap_trend_bot.main           | INFO    | Updating outcomes for past recommendations...
2026-09-08 19:42:03,136 | gap_trend_bot.main           | INFO    | Done. Results saved under history/ (backup) and pushed to Supabase if configured.
2026-09-09 17:14:57,157 | gap_trend_bot.main           | INFO    | Running daily scan across 296 symbols...
2026-09-09 17:14:57,157 | gap_trend_bot.scanner        | INFO    | ======================================================================
2026-09-09 17:14:57,157 | gap_trend_bot.scanner        | INFO    | Starting daily scan | watchlist size = 296
2026-09-09 17:14:57,779 | gap_trend_bot.sentiment      | INFO    | Sentiment SPY: close=763.13 sma20=768.33 healthy=False
2026-09-09 17:14:58,039 | gap_trend_bot.sentiment      | INFO    | Sentiment QQQ: close=716.85 sma20=717.30 healthy=False
2026-09-09 17:15:12,794 | yfinance                     | ERROR   | $SQ: No data found, symbol may be delisted
2026-09-09 17:15:23,887 | yfinance                     | ERROR   | $MMC: No data found, symbol may be delisted
2026-09-09 17:15:28,293 | yfinance                     | ERROR   | $BK: No data found, symbol may be delisted
2026-09-09 17:15:32,214 | yfinance                     | ERROR   | $FI: No data found, symbol may be delisted
2026-09-09 17:16:04,797 | yfinance                     | ERROR   | $PXD: No data found, symbol may be delisted
2026-09-09 17:16:09,401 | yfinance                     | ERROR   | $HES: No data found, symbol may be delisted
2026-09-09 17:16:10,094 | yfinance                     | ERROR   | $CTRA: No data found, symbol may be delisted
2026-09-09 17:16:10,983 | yfinance                     | ERROR   | $MRO: No data found, symbol may be delisted
2026-09-09 17:16:20,097 | yfinance                     | ERROR   | $NOVA: No data found, symbol may be delisted
2026-09-09 17:16:25,055 | yfinance                     | ERROR   | $SAVE: No data found, symbol may be delisted
2026-09-09 17:16:39,092 | yfinance                     | ERROR   | $SAVA: No data found, symbol may be delisted
2026-09-09 17:16:40,735 | yfinance                     | ERROR   | $EXAS: No data found, symbol may be delisted
2026-09-09 17:16:41,935 | gap_trend_bot.universe       | INFO    | Universe filter: 284 -> 0 symbols passed stage 1
2026-09-09 17:16:41,935 | gap_trend_bot.trades         | INFO    | SCAN SUMMARY | scanned=296 | passed_universe_filter=0 | entry_signals=0
2026-09-09 17:16:41,935 | gap_trend_bot.main           | INFO    | Found 0 qualifying setups today.
2026-09-09 17:16:41,935 | gap_trend_bot.history        | INFO    | Saved 0 results to history/scan_2026-09-09.json
2026-09-09 17:16:41,935 | gap_trend_bot.supabase       | INFO    | No scan results today - nothing to push.
2026-09-09 17:16:41,935 | gap_trend_bot.main           | INFO    | Today's results are live in Supabase - no manual paste needed.
2026-09-09 17:16:41,935 | gap_trend_bot.main           | INFO    | Updating outcomes for past recommendations...
2026-09-09 17:16:41,937 | gap_trend_bot.main           | INFO    | Done. Results saved under history/ (backup) and pushed to Supabase if configured.
2026-09-09 19:22:37,809 | gap_trend_bot.main           | INFO    | Running daily scan across 296 symbols...
2026-09-09 19:22:37,809 | gap_trend_bot.scanner        | INFO    | ======================================================================
2026-09-09 19:22:37,809 | gap_trend_bot.scanner        | INFO    | Starting daily scan | watchlist size = 296
2026-09-09 19:22:39,843 | gap_trend_bot.sentiment      | INFO    | Sentiment SPY: close=763.17 sma20=768.33 healthy=False
2026-09-09 19:22:40,180 | gap_trend_bot.sentiment      | INFO    | Sentiment QQQ: close=716.55 sma20=717.29 healthy=False
2026-09-09 19:22:54,127 | yfinance                     | ERROR   | $SQ: No data found, symbol may be delisted
2026-09-09 19:23:01,141 | yfinance                     | ERROR   | $MMC: No data found, symbol may be delisted
2026-09-09 19:23:04,228 | yfinance                     | ERROR   | $BK: No data found, symbol may be delisted
2026-09-09 19:23:07,101 | yfinance                     | ERROR   | $FI: No data found, symbol may be delisted
2026-09-09 19:23:29,113 | yfinance                     | ERROR   | $PXD: No data found, symbol may be delisted
2026-09-09 19:23:32,009 | yfinance                     | ERROR   | $HES: No data found, symbol may be delisted
2026-09-09 19:23:32,565 | yfinance                     | ERROR   | $CTRA: No data found, symbol may be delisted
2026-09-09 19:23:33,038 | yfinance                     | ERROR   | $MRO: No data found, symbol may be delisted
2026-09-09 19:23:38,677 | yfinance                     | ERROR   | $NOVA: No data found, symbol may be delisted
2026-09-09 19:23:41,704 | yfinance                     | ERROR   | $SAVE: No data found, symbol may be delisted
2026-09-09 19:23:47,263 | yfinance                     | ERROR   | $SAVA: No data found, symbol may be delisted
2026-09-09 19:23:48,262 | yfinance                     | ERROR   | $EXAS: No data found, symbol may be delisted
2026-09-09 19:23:49,095 | gap_trend_bot.universe       | INFO    | Universe filter: 284 -> 0 symbols passed stage 1
2026-09-09 19:23:49,095 | gap_trend_bot.trades         | INFO    | SCAN SUMMARY | scanned=296 | passed_universe_filter=0 | entry_signals=0
2026-09-09 19:23:49,096 | gap_trend_bot.main           | INFO    | Found 0 qualifying setups today.
2026-09-09 19:23:49,096 | gap_trend_bot.history        | INFO    | Saved 0 results to history/scan_2026-09-09.json
2026-09-09 19:23:49,096 | gap_trend_bot.supabase       | INFO    | No scan results today - nothing to push.
2026-09-09 19:23:49,096 | gap_trend_bot.main           | INFO    | Today's results are live in Supabase - no manual paste needed.
2026-09-09 19:23:49,096 | gap_trend_bot.main           | INFO    | Updating outcomes for past recommendations...
2026-09-09 19:23:49,097 | gap_trend_bot.main           | INFO    | Done. Results saved under history/ (backup) and pushed to Supabase if configured.
2026-09-09 21:52:22,871 | gap_trend_bot.main           | INFO    | Running daily scan across 296 symbols...
2026-09-09 21:52:22,871 | gap_trend_bot.scanner        | INFO    | ======================================================================
2026-09-09 21:52:22,871 | gap_trend_bot.scanner        | INFO    | Starting daily scan | watchlist size = 296
2026-09-09 21:52:23,211 | gap_trend_bot.sentiment      | INFO    | Sentiment SPY: close=762.40 sma20=768.29 healthy=False
2026-09-09 21:52:23,367 | gap_trend_bot.sentiment      | INFO    | Sentiment QQQ: close=716.31 sma20=717.28 healthy=False
2026-09-09 21:52:30,411 | yfinance                     | ERROR   | $SQ: No data found, symbol may be delisted
2026-09-09 21:52:34,963 | yfinance                     | ERROR   | $MMC: No data found, symbol may be delisted
2026-09-09 21:52:36,981 | yfinance                     | ERROR   | $BK: No data found, symbol may be delisted
2026-09-09 21:52:38,846 | yfinance                     | ERROR   | $FI: No data found, symbol may be delisted
2026-09-09 21:52:54,539 | yfinance                     | ERROR   | $PXD: No data found, symbol may be delisted
2026-09-09 21:52:56,544 | yfinance                     | ERROR   | $HES: No data found, symbol may be delisted
2026-09-09 21:52:56,821 | yfinance                     | ERROR   | $CTRA: No data found, symbol may be delisted
2026-09-09 21:52:57,131 | yfinance                     | ERROR   | $MRO: No data found, symbol may be delisted
2026-09-09 21:53:00,912 | yfinance                     | ERROR   | $NOVA: No data found, symbol may be delisted
2026-09-09 21:53:02,845 | yfinance                     | ERROR   | $SAVE: No data found, symbol may be delisted
2026-09-09 21:53:07,068 | yfinance                     | ERROR   | $SAVA: No data found, symbol may be delisted
2026-09-09 21:53:07,752 | yfinance                     | ERROR   | $EXAS: No data found, symbol may be delisted
2026-09-09 21:53:08,292 | gap_trend_bot.universe       | INFO    | Universe filter: 284 -> 3 symbols passed stage 1
2026-09-09 21:53:08,586 | gap_trend_bot.trades         | INFO    | SCAN SUMMARY | scanned=296 | passed_universe_filter=3 | entry_signals=0
2026-09-09 21:53:08,586 | gap_trend_bot.main           | INFO    | Found 0 qualifying setups today.
2026-09-09 21:53:08,586 | gap_trend_bot.history        | INFO    | Saved 0 results to history/scan_2026-09-09.json
2026-09-09 21:53:08,586 | gap_trend_bot.supabase       | INFO    | No scan results today - nothing to push.
2026-09-09 21:53:08,586 | gap_trend_bot.main           | INFO    | Today's results are live in Supabase - no manual paste needed.
2026-09-09 21:53:08,586 | gap_trend_bot.main           | INFO    | Updating outcomes for past recommendations...
2026-09-09 21:53:08,588 | gap_trend_bot.main           | INFO    | Done. Results saved under history/ (backup) and pushed to Supabase if configured.
2026-09-10 17:08:35,117 | gap_trend_bot.main           | INFO    | Running daily scan across 296 symbols...
2026-09-10 17:08:35,117 | gap_trend_bot.scanner        | INFO    | ======================================================================
2026-09-10 17:08:35,117 | gap_trend_bot.scanner        | INFO    | Starting daily scan | watchlist size = 296
2026-09-10 17:08:35,813 | gap_trend_bot.sentiment      | INFO    | Sentiment SPY: close=758.99 sma20=767.62 healthy=False
2026-09-10 17:08:36,150 | gap_trend_bot.sentiment      | INFO    | Sentiment QQQ: close=710.97 sma20=716.64 healthy=False
2026-09-10 17:08:46,902 | yfinance                     | ERROR   | $SQ: No data found, symbol may be delisted
2026-09-10 17:08:52,929 | yfinance                     | ERROR   | $MMC: No data found, symbol may be delisted
2026-09-10 17:08:55,792 | yfinance                     | ERROR   | $BK: No data found, symbol may be delisted
2026-09-10 17:08:57,910 | yfinance                     | ERROR   | $FI: No data found, symbol may be delisted
2026-09-10 17:09:19,444 | yfinance                     | ERROR   | $PXD: No data found, symbol may be delisted
2026-09-10 17:09:22,100 | yfinance                     | ERROR   | $HES: No data found, symbol may be delisted
2026-09-10 17:09:22,472 | yfinance                     | ERROR   | $CTRA: No data found, symbol may be delisted
2026-09-10 17:09:22,873 | yfinance                     | ERROR   | $MRO: No data found, symbol may be delisted
2026-09-10 17:09:28,817 | yfinance                     | ERROR   | $NOVA: No data found, symbol may be delisted
2026-09-10 17:09:31,656 | yfinance                     | ERROR   | $SAVE: No data found, symbol may be delisted
2026-09-10 17:09:38,391 | yfinance                     | ERROR   | $SAVA: No data found, symbol may be delisted
2026-09-10 17:09:39,112 | yfinance                     | ERROR   | $EXAS: No data found, symbol may be delisted
2026-09-10 17:09:39,865 | gap_trend_bot.universe       | INFO    | Universe filter: 284 -> 0 symbols passed stage 1
2026-09-10 17:09:39,865 | gap_trend_bot.trades         | INFO    | SCAN SUMMARY | scanned=296 | passed_universe_filter=0 | entry_signals=0
2026-09-10 17:09:39,865 | gap_trend_bot.main           | INFO    | Found 0 qualifying setups today.
2026-09-10 17:09:39,865 | gap_trend_bot.history        | INFO    | Saved 0 results to history/scan_2026-09-10.json
2026-09-10 17:09:39,865 | gap_trend_bot.supabase       | INFO    | No scan results today - nothing to push.
2026-09-10 17:09:39,865 | gap_trend_bot.main           | INFO    | Today's results are live in Supabase - no manual paste needed.
2026-09-10 17:09:39,865 | gap_trend_bot.main           | INFO    | Updating outcomes for past recommendations...
2026-09-10 17:09:39,867 | gap_trend_bot.main           | INFO    | Done. Results saved under history/ (backup) and pushed to Supabase if configured.
2026-09-10 19:11:53,293 | gap_trend_bot.main           | INFO    | Running daily scan across 296 symbols...
2026-09-10 19:11:53,293 | gap_trend_bot.scanner        | INFO    | ======================================================================
2026-09-10 19:11:53,293 | gap_trend_bot.scanner        | INFO    | Starting daily scan | watchlist size = 296
2026-09-10 19:11:53,627 | gap_trend_bot.sentiment      | INFO    | Sentiment SPY: close=757.60 sma20=767.55 healthy=False
2026-09-10 19:11:53,861 | gap_trend_bot.sentiment      | INFO    | Sentiment QQQ: close=708.87 sma20=716.54 healthy=False
2026-09-10 19:12:00,491 | yfinance                     | ERROR   | $SQ: No data found, symbol may be delisted
2026-09-10 19:12:05,559 | yfinance                     | ERROR   | $MMC: No data found, symbol may be delisted
2026-09-10 19:12:07,808 | yfinance                     | ERROR   | $BK: No data found, symbol may be delisted
2026-09-10 19:12:09,833 | yfinance                     | ERROR   | $FI: No data found, symbol may be delisted
2026-09-10 19:12:25,543 | yfinance                     | ERROR   | $PXD: No data found, symbol may be delisted
2026-09-10 19:12:27,762 | yfinance                     | ERROR   | $HES: No data found, symbol may be delisted
2026-09-10 19:12:28,020 | yfinance                     | ERROR   | $CTRA: No data found, symbol may be delisted
2026-09-10 19:12:28,399 | yfinance                     | ERROR   | $MRO: No data found, symbol may be delisted
2026-09-10 19:12:32,333 | yfinance                     | ERROR   | $NOVA: No data found, symbol may be delisted
2026-09-10 19:12:34,580 | yfinance                     | ERROR   | $SAVE: No data found, symbol may be delisted
2026-09-10 19:12:38,296 | yfinance                     | ERROR   | $SAVA: No data found, symbol may be delisted
2026-09-10 19:12:38,841 | yfinance                     | ERROR   | $EXAS: No data found, symbol may be delisted
2026-09-10 19:12:39,419 | gap_trend_bot.universe       | INFO    | Universe filter: 284 -> 0 symbols passed stage 1
2026-09-10 19:12:39,419 | gap_trend_bot.trades         | INFO    | SCAN SUMMARY | scanned=296 | passed_universe_filter=0 | entry_signals=0
2026-09-10 19:12:39,419 | gap_trend_bot.main           | INFO    | Found 0 qualifying setups today.
2026-09-10 19:12:39,420 | gap_trend_bot.history        | INFO    | Saved 0 results to history/scan_2026-09-10.json
2026-09-10 19:12:39,420 | gap_trend_bot.supabase       | INFO    | No scan results today - nothing to push.
2026-09-10 19:12:39,420 | gap_trend_bot.main           | INFO    | Today's results are live in Supabase - no manual paste needed.
2026-09-10 19:12:39,420 | gap_trend_bot.main           | INFO    | Updating outcomes for past recommendations...
2026-09-10 19:12:39,421 | gap_trend_bot.main           | INFO    | Done. Results saved under history/ (backup) and pushed to Supabase if configured.
2026-09-10 21:46:50,464 | gap_trend_bot.main           | INFO    | Running daily scan across 296 symbols...
2026-09-10 21:46:50,464 | gap_trend_bot.scanner        | INFO    | ======================================================================
2026-09-10 21:46:50,464 | gap_trend_bot.scanner        | INFO    | Starting daily scan | watchlist size = 296
2026-09-10 21:46:50,767 | gap_trend_bot.sentiment      | INFO    | Sentiment SPY: close=757.83 sma20=767.56 healthy=False
2026-09-10 21:46:50,888 | gap_trend_bot.sentiment      | INFO    | Sentiment QQQ: close=708.69 sma20=716.53 healthy=False
2026-09-10 21:46:57,533 | yfinance                     | ERROR   | $SQ: No data found, symbol may be delisted
2026-09-10 21:47:02,048 | yfinance                     | ERROR   | $MMC: No data found, symbol may be delisted
2026-09-10 21:47:03,959 | yfinance                     | ERROR   | $BK: No data found, symbol may be delisted
2026-09-10 21:47:05,598 | yfinance                     | ERROR   | $FI: No data found, symbol may be delisted
2026-09-10 21:47:20,495 | yfinance                     | ERROR   | $PXD: No data found, symbol may be delisted
2026-09-10 21:47:22,475 | yfinance                     | ERROR   | $HES: No data found, symbol may be delisted
2026-09-10 21:47:22,802 | yfinance                     | ERROR   | $CTRA: No data found, symbol may be delisted
2026-09-10 21:47:23,029 | yfinance                     | ERROR   | $MRO: No data found, symbol may be delisted
2026-09-10 21:47:26,570 | yfinance                     | ERROR   | $NOVA: No data found, symbol may be delisted
2026-09-10 21:47:28,371 | yfinance                     | ERROR   | $SAVE: No data found, symbol may be delisted
2026-09-10 21:47:31,710 | yfinance                     | ERROR   | $SAVA: No data found, symbol may be delisted
2026-09-10 21:47:32,245 | yfinance                     | ERROR   | $EXAS: No data found, symbol may be delisted
2026-09-10 21:47:32,711 | gap_trend_bot.universe       | INFO    | Universe filter: 284 -> 1 symbols passed stage 1
2026-09-10 21:47:32,796 | gap_trend_bot.trades         | INFO    | SCAN SUMMARY | scanned=296 | passed_universe_filter=1 | entry_signals=0
2026-09-10 21:47:32,796 | gap_trend_bot.main           | INFO    | Found 0 qualifying setups today.
2026-09-10 21:47:32,797 | gap_trend_bot.history        | INFO    | Saved 0 results to history/scan_2026-09-10.json
2026-09-10 21:47:32,797 | gap_trend_bot.supabase       | INFO    | No scan results today - nothing to push.
2026-09-10 21:47:32,797 | gap_trend_bot.main           | INFO    | Today's results are live in Supabase - no manual paste needed.
2026-09-10 21:47:32,797 | gap_trend_bot.main           | INFO    | Updating outcomes for past recommendations...
2026-09-10 21:47:32,799 | gap_trend_bot.main           | INFO    | Done. Results saved under history/ (backup) and pushed to Supabase if configured.
2026-09-11 17:09:20,305 | gap_trend_bot.main           | INFO    | Running daily scan across 296 symbols...
2026-09-11 17:09:20,305 | gap_trend_bot.scanner        | INFO    | ======================================================================
2026-09-11 17:09:20,305 | gap_trend_bot.scanner        | INFO    | Starting daily scan | watchlist size = 296
2026-09-11 17:09:20,562 | gap_trend_bot.sentiment      | INFO    | Sentiment SPY: close=765.69 sma20=766.95 healthy=False
2026-09-11 17:09:20,717 | gap_trend_bot.sentiment      | INFO    | Sentiment QQQ: close=716.35 sma20=715.74 healthy=True
2026-09-11 17:09:27,037 | yfinance                     | ERROR   | $SQ: No data found, symbol may be delisted
2026-09-11 17:09:31,806 | yfinance                     | ERROR   | $MMC: No data found, symbol may be delisted
2026-09-11 17:09:34,020 | yfinance                     | ERROR   | $BK: No data found, symbol may be delisted
2026-09-11 17:09:36,152 | yfinance                     | ERROR   | $FI: No data found, symbol may be delisted
2026-09-11 17:09:51,808 | yfinance                     | ERROR   | $PXD: No data found, symbol may be delisted
2026-09-11 17:09:53,809 | yfinance                     | ERROR   | $HES: No data found, symbol may be delisted
2026-09-11 17:09:54,568 | yfinance                     | ERROR   | $CTRA: No data found, symbol may be delisted
2026-09-11 17:09:54,858 | yfinance                     | ERROR   | $MRO: No data found, symbol may be delisted
2026-09-11 17:09:58,552 | yfinance                     | ERROR   | $NOVA: No data found, symbol may be delisted
2026-09-11 17:10:00,576 | yfinance                     | ERROR   | $SAVE: No data found, symbol may be delisted
2026-09-11 17:10:04,406 | yfinance                     | ERROR   | $SAVA: No data found, symbol may be delisted
2026-09-11 17:10:05,068 | yfinance                     | ERROR   | $EXAS: No data found, symbol may be delisted
2026-09-11 17:10:05,626 | gap_trend_bot.universe       | INFO    | Universe filter: 284 -> 0 symbols passed stage 1
2026-09-11 17:10:05,627 | gap_trend_bot.trades         | INFO    | SCAN SUMMARY | scanned=296 | passed_universe_filter=0 | entry_signals=0
2026-09-11 17:10:05,627 | gap_trend_bot.main           | INFO    | Found 0 qualifying setups today.
2026-09-11 17:10:05,627 | gap_trend_bot.history        | INFO    | Saved 0 results to history/scan_2026-09-11.json
2026-09-11 17:10:05,627 | gap_trend_bot.supabase       | INFO    | No scan results today - nothing to push.
2026-09-11 17:10:05,627 | gap_trend_bot.main           | INFO    | Today's results are live in Supabase - no manual paste needed.
2026-09-11 17:10:05,627 | gap_trend_bot.main           | INFO    | Updating outcomes for past recommendations...
2026-09-11 17:10:05,630 | gap_trend_bot.main           | INFO    | Done. Results saved under history/ (backup) and pushed to Supabase if configured.
2026-09-11 19:14:08,947 | gap_trend_bot.main           | INFO    | Running daily scan across 296 symbols...
2026-09-11 19:14:08,947 | gap_trend_bot.scanner        | INFO    | ======================================================================
2026-09-11 19:14:08,947 | gap_trend_bot.scanner        | INFO    | Starting daily scan | watchlist size = 296
2026-09-11 19:14:09,384 | gap_trend_bot.sentiment      | INFO    | Sentiment SPY: close=764.87 sma20=766.91 healthy=False
2026-09-11 19:14:09,546 | gap_trend_bot.sentiment      | INFO    | Sentiment QQQ: close=715.62 sma20=715.70 healthy=False
2026-09-11 19:14:17,139 | yfinance                     | ERROR   | $SQ: No data found, symbol may be delisted
2026-09-11 19:14:22,209 | yfinance                     | ERROR   | $MMC: No data found, symbol may be delisted
2026-09-11 19:14:24,503 | yfinance                     | ERROR   | $BK: No data found, symbol may be delisted
2026-09-11 19:14:26,339 | yfinance                     | ERROR   | $FI: No data found, symbol may be delisted
2026-09-11 19:14:42,796 | yfinance                     | ERROR   | $PXD: No data found, symbol may be delisted
2026-09-11 19:14:45,817 | yfinance                     | ERROR   | $HES: No data found, symbol may be delisted
2026-09-11 19:14:46,108 | yfinance                     | ERROR   | $CTRA: No data found, symbol may be delisted
2026-09-11 19:14:46,386 | yfinance                     | ERROR   | $MRO: No data found, symbol may be delisted
2026-09-11 19:14:50,438 | yfinance                     | ERROR   | $NOVA: No data found, symbol may be delisted
2026-09-11 19:14:52,638 | yfinance                     | ERROR   | $SAVE: No data found, symbol may be delisted
2026-09-11 19:14:56,472 | yfinance                     | ERROR   | $SAVA: No data found, symbol may be delisted
2026-09-11 19:14:57,155 | yfinance                     | ERROR   | $EXAS: No data found, symbol may be delisted
2026-09-11 19:14:57,681 | gap_trend_bot.universe       | INFO    | Universe filter: 284 -> 0 symbols passed stage 1
2026-09-11 19:14:57,681 | gap_trend_bot.trades         | INFO    | SCAN SUMMARY | scanned=296 | passed_universe_filter=0 | entry_signals=0
2026-09-11 19:14:57,681 | gap_trend_bot.main           | INFO    | Found 0 qualifying setups today.
2026-09-11 19:14:57,682 | gap_trend_bot.history        | INFO    | Saved 0 results to history/scan_2026-09-11.json
2026-09-11 19:14:57,682 | gap_trend_bot.supabase       | INFO    | No scan results today - nothing to push.
2026-09-11 19:14:57,682 | gap_trend_bot.main           | INFO    | Today's results are live in Supabase - no manual paste needed.
2026-09-11 19:14:57,682 | gap_trend_bot.main           | INFO    | Updating outcomes for past recommendations...
2026-09-11 19:14:57,684 | gap_trend_bot.main           | INFO    | Done. Results saved under history/ (backup) and pushed to Supabase if configured.
2026-09-11 21:51:53,325 | gap_trend_bot.main           | INFO    | Running daily scan across 296 symbols...
2026-09-11 21:51:53,325 | gap_trend_bot.scanner        | INFO    | ======================================================================
2026-09-11 21:51:53,325 | gap_trend_bot.scanner        | INFO    | Starting daily scan | watchlist size = 296
2026-09-11 21:51:54,087 | gap_trend_bot.sentiment      | INFO    | Sentiment SPY: close=764.29 sma20=766.88 healthy=False
2026-09-11 21:51:54,444 | gap_trend_bot.sentiment      | INFO    | Sentiment QQQ: close=714.88 sma20=715.67 healthy=False
2026-09-11 21:52:08,449 | yfinance                     | ERROR   | $SQ: No data found, symbol may be delisted
2026-09-11 21:52:18,488 | yfinance                     | ERROR   | $MMC: No data found, symbol may be delisted
2026-09-11 21:52:22,629 | yfinance                     | ERROR   | $BK: No data found, symbol may be delisted
2026-09-11 21:52:26,150 | yfinance                     | ERROR   | $FI: No data found, symbol may be delisted
2026-09-11 21:52:56,941 | yfinance                     | ERROR   | $PXD: No data found, symbol may be delisted
2026-09-11 21:53:01,114 | yfinance                     | ERROR   | $HES: No data found, symbol may be delisted
2026-09-11 21:53:01,835 | yfinance                     | ERROR   | $CTRA: No data found, symbol may be delisted
2026-09-11 21:53:02,611 | yfinance                     | ERROR   | $MRO: No data found, symbol may be delisted
2026-09-11 21:53:11,116 | yfinance                     | ERROR   | $NOVA: No data found, symbol may be delisted
2026-09-11 21:53:16,014 | yfinance                     | ERROR   | $SAVE: No data found, symbol may be delisted
2026-09-11 21:53:24,566 | yfinance                     | ERROR   | $SAVA: No data found, symbol may be delisted
2026-09-11 21:53:26,081 | yfinance                     | ERROR   | $EXAS: No data found, symbol may be delisted
2026-09-11 21:53:27,357 | gap_trend_bot.universe       | INFO    | Universe filter: 284 -> 1 symbols passed stage 1
2026-09-11 21:53:27,517 | gap_trend_bot.trades         | INFO    | SCAN SUMMARY | scanned=296 | passed_universe_filter=1 | entry_signals=0
2026-09-11 21:53:27,517 | gap_trend_bot.main           | INFO    | Found 0 qualifying setups today.
2026-09-11 21:53:27,517 | gap_trend_bot.history        | INFO    | Saved 0 results to history/scan_2026-09-11.json
2026-09-11 21:53:27,517 | gap_trend_bot.supabase       | INFO    | No scan results today - nothing to push.
2026-09-11 21:53:27,517 | gap_trend_bot.main           | INFO    | Today's results are live in Supabase - no manual paste needed.
2026-09-11 21:53:27,517 | gap_trend_bot.main           | INFO    | Updating outcomes for past recommendations...
2026-09-11 21:53:27,519 | gap_trend_bot.main           | INFO    | Done. Results saved under history/ (backup) and pushed to Supabase if configured.
2026-09-14 18:50:42,129 | gap_trend_bot.main           | INFO    | Running daily scan across 296 symbols...
2026-09-14 18:50:42,129 | gap_trend_bot.scanner        | INFO    | ======================================================================
2026-09-14 18:50:42,129 | gap_trend_bot.scanner        | INFO    | Starting daily scan | watchlist size = 296
2026-09-14 18:50:42,792 | gap_trend_bot.sentiment      | INFO    | Sentiment SPY: close=762.46 sma20=766.18 healthy=False
2026-09-14 18:50:43,007 | gap_trend_bot.sentiment      | INFO    | Sentiment QQQ: close=712.14 sma20=714.72 healthy=False
2026-09-14 18:50:52,794 | yfinance                     | ERROR   | $SQ: No data found, symbol may be delisted
2026-09-14 18:50:59,576 | yfinance                     | ERROR   | $MMC: No data found, symbol may be delisted
2026-09-14 18:51:02,346 | yfinance                     | ERROR   | $BK: No data found, symbol may be delisted
2026-09-14 18:51:04,613 | yfinance                     | ERROR   | $FI: No data found, symbol may be delisted
2026-09-14 18:51:26,358 | yfinance                     | ERROR   | $PXD: No data found, symbol may be delisted
2026-09-14 18:51:29,443 | yfinance                     | ERROR   | $HES: No data found, symbol may be delisted
2026-09-14 18:51:29,915 | yfinance                     | ERROR   | $CTRA: No data found, symbol may be delisted
2026-09-14 18:51:30,441 | yfinance                     | ERROR   | $MRO: No data found, symbol may be delisted
2026-09-14 18:51:36,925 | yfinance                     | ERROR   | $NOVA: No data found, symbol may be delisted
2026-09-14 18:51:40,326 | yfinance                     | ERROR   | $SAVE: No data found, symbol may be delisted
2026-09-14 18:51:47,125 | yfinance                     | ERROR   | $SAVA: No data found, symbol may be delisted
2026-09-14 18:51:48,216 | yfinance                     | ERROR   | $EXAS: No data found, symbol may be delisted
2026-09-14 18:51:49,046 | gap_trend_bot.universe       | INFO    | Universe filter: 284 -> 2 symbols passed stage 1
2026-09-14 18:51:49,188 | gap_trend_bot.trades         | INFO    | SCAN SUMMARY | scanned=296 | passed_universe_filter=2 | entry_signals=0
2026-09-14 18:51:49,188 | gap_trend_bot.main           | INFO    | Found 0 qualifying setups today.
2026-09-14 18:51:49,189 | gap_trend_bot.history        | INFO    | Saved 0 results to history/scan_2026-09-14.json
2026-09-14 18:51:49,189 | gap_trend_bot.supabase       | INFO    | No scan results today - nothing to push.
2026-09-14 18:51:49,189 | gap_trend_bot.main           | INFO    | Today's results are live in Supabase - no manual paste needed.
2026-09-14 18:51:49,189 | gap_trend_bot.main           | INFO    | Updating outcomes for past recommendations...
2026-09-14 18:51:49,191 | gap_trend_bot.main           | INFO    | Done. Results saved under history/ (backup) and pushed to Supabase if configured.
2026-09-14 20:25:36,976 | gap_trend_bot.main           | INFO    | Running daily scan across 296 symbols...
2026-09-14 20:25:36,976 | gap_trend_bot.scanner        | INFO    | ======================================================================
2026-09-14 20:25:36,976 | gap_trend_bot.scanner        | INFO    | Starting daily scan | watchlist size = 296
2026-09-14 20:25:37,572 | gap_trend_bot.sentiment      | INFO    | Sentiment SPY: close=760.88 sma20=766.11 healthy=False
2026-09-14 20:25:37,826 | gap_trend_bot.sentiment      | INFO    | Sentiment QQQ: close=709.18 sma20=714.57 healthy=False
2026-09-14 20:25:47,790 | yfinance                     | ERROR   | $SQ: No data found, symbol may be delisted
2026-09-14 20:25:55,063 | yfinance                     | ERROR   | $MMC: No data found, symbol may be delisted
2026-09-14 20:25:57,922 | yfinance                     | ERROR   | $BK: No data found, symbol may be delisted
2026-09-14 20:26:00,341 | yfinance                     | ERROR   | $FI: No data found, symbol may be delisted
2026-09-14 20:26:21,706 | yfinance                     | ERROR   | $PXD: No data found, symbol may be delisted
2026-09-14 20:26:24,494 | yfinance                     | ERROR   | $HES: No data found, symbol may be delisted
2026-09-14 20:26:24,972 | yfinance                     | ERROR   | $CTRA: No data found, symbol may be delisted
2026-09-14 20:26:25,443 | yfinance                     | ERROR   | $MRO: No data found, symbol may be delisted
2026-09-14 20:26:31,092 | yfinance                     | ERROR   | $NOVA: No data found, symbol may be delisted
2026-09-14 20:26:34,251 | yfinance                     | ERROR   | $SAVE: No data found, symbol may be delisted
2026-09-14 20:26:39,914 | yfinance                     | ERROR   | $SAVA: No data found, symbol may be delisted
2026-09-14 20:26:40,777 | yfinance                     | ERROR   | $EXAS: No data found, symbol may be delisted
2026-09-14 20:26:41,492 | gap_trend_bot.universe       | INFO    | Universe filter: 284 -> 4 symbols passed stage 1
2026-09-14 20:26:41,924 | gap_trend_bot.trades         | INFO    | SCAN SUMMARY | scanned=296 | passed_universe_filter=4 | entry_signals=0
2026-09-14 20:26:41,924 | gap_trend_bot.main           | INFO    | Found 0 qualifying setups today.
2026-09-14 20:26:41,924 | gap_trend_bot.history        | INFO    | Saved 0 results to history/scan_2026-09-14.json
2026-09-14 20:26:41,924 | gap_trend_bot.supabase       | INFO    | No scan results today - nothing to push.
2026-09-14 20:26:41,924 | gap_trend_bot.main           | INFO    | Today's results are live in Supabase - no manual paste needed.
2026-09-14 20:26:41,925 | gap_trend_bot.main           | INFO    | Updating outcomes for past recommendations...
2026-09-14 20:26:41,926 | gap_trend_bot.main           | INFO    | Done. Results saved under history/ (backup) and pushed to Supabase if configured.
2026-09-14 22:39:49,970 | gap_trend_bot.main           | INFO    | Running daily scan across 296 symbols...
2026-09-14 22:39:49,971 | gap_trend_bot.scanner        | INFO    | ======================================================================
2026-09-14 22:39:49,971 | gap_trend_bot.scanner        | INFO    | Starting daily scan | watchlist size = 296
2026-09-14 22:39:50,346 | gap_trend_bot.sentiment      | INFO    | Sentiment SPY: close=760.88 sma20=766.11 healthy=False
2026-09-14 22:39:50,457 | gap_trend_bot.sentiment      | INFO    | Sentiment QQQ: close=709.18 sma20=714.57 healthy=False
2026-09-14 22:39:55,808 | yfinance                     | ERROR   | $SQ: No data found, symbol may be delisted
2026-09-14 22:39:59,781 | yfinance                     | ERROR   | $MMC: No data found, symbol may be delisted
2026-09-14 22:40:01,785 | yfinance                     | ERROR   | $BK: No data found, symbol may be delisted
2026-09-14 22:40:03,250 | yfinance                     | ERROR   | $FI: No data found, symbol may be delisted
2026-09-14 22:40:16,939 | yfinance                     | ERROR   | $PXD: No data found, symbol may be delisted
2026-09-14 22:40:18,948 | yfinance                     | ERROR   | $HES: No data found, symbol may be delisted
2026-09-14 22:40:19,477 | yfinance                     | ERROR   | $CTRA: No data found, symbol may be delisted
2026-09-14 22:40:19,754 | yfinance                     | ERROR   | $MRO: No data found, symbol may be delisted
2026-09-14 22:40:23,388 | yfinance                     | ERROR   | $NOVA: No data found, symbol may be delisted
2026-09-14 22:40:25,357 | yfinance                     | ERROR   | $SAVE: No data found, symbol may be delisted
2026-09-14 22:40:28,793 | yfinance                     | ERROR   | $SAVA: No data found, symbol may be delisted
2026-09-14 22:40:29,287 | yfinance                     | ERROR   | $EXAS: No data found, symbol may be delisted
2026-09-14 22:40:29,724 | gap_trend_bot.universe       | INFO    | Universe filter: 284 -> 5 symbols passed stage 1
2026-09-14 22:40:30,149 | gap_trend_bot.trades         | INFO    | SCAN SUMMARY | scanned=296 | passed_universe_filter=5 | entry_signals=0
2026-09-14 22:40:30,149 | gap_trend_bot.main           | INFO    | Found 0 qualifying setups today.
2026-09-14 22:40:30,150 | gap_trend_bot.history        | INFO    | Saved 0 results to history/scan_2026-09-14.json
2026-09-14 22:40:30,150 | gap_trend_bot.supabase       | INFO    | No scan results today - nothing to push.
2026-09-14 22:40:30,150 | gap_trend_bot.main           | INFO    | Today's results are live in Supabase - no manual paste needed.
2026-09-14 22:40:30,150 | gap_trend_bot.main           | INFO    | Updating outcomes for past recommendations...
2026-09-14 22:40:30,152 | gap_trend_bot.main           | INFO    | Done. Results saved under history/ (backup) and pushed to Supabase if configured.
2026-09-15 17:45:23,016 | gap_trend_bot.main           | INFO    | Running daily scan across 296 symbols...
2026-09-15 17:45:23,016 | gap_trend_bot.scanner        | INFO    | ======================================================================
2026-09-15 17:45:23,017 | gap_trend_bot.scanner        | INFO    | Starting daily scan | watchlist size = 296
2026-09-15 17:45:23,930 | gap_trend_bot.sentiment      | INFO    | Sentiment SPY: close=757.16 sma20=765.33 healthy=False
2026-09-15 17:45:24,274 | gap_trend_bot.sentiment      | INFO    | Sentiment QQQ: close=704.90 sma20=713.33 healthy=False
2026-09-15 17:45:36,518 | yfinance                     | ERROR   | $SQ: No data found, symbol may be delisted
2026-09-15 17:45:50,150 | yfinance                     | ERROR   | $MMC: No data found, symbol may be delisted
2026-09-15 17:45:53,237 | yfinance                     | ERROR   | $BK: No data found, symbol may be delisted
2026-09-15 17:45:57,280 | yfinance                     | ERROR   | $FI: No data found, symbol may be delisted
2026-09-15 17:46:25,236 | yfinance                     | ERROR   | $PXD: No data found, symbol may be delisted
2026-09-15 17:46:28,387 | yfinance                     | ERROR   | $HES: No data found, symbol may be delisted
2026-09-15 17:46:28,972 | yfinance                     | ERROR   | $CTRA: No data found, symbol may be delisted
2026-09-15 17:46:29,450 | yfinance                     | ERROR   | $MRO: No data found, symbol may be delisted
2026-09-15 17:46:35,459 | yfinance                     | ERROR   | $NOVA: No data found, symbol may be delisted
2026-09-15 17:46:39,700 | yfinance                     | ERROR   | $SAVE: No data found, symbol may be delisted
2026-09-15 17:46:45,820 | yfinance                     | ERROR   | $SAVA: No data found, symbol may be delisted
2026-09-15 17:46:46,917 | yfinance                     | ERROR   | $EXAS: No data found, symbol may be delisted
2026-09-15 17:46:47,721 | gap_trend_bot.universe       | INFO    | Universe filter: 284 -> 0 symbols passed stage 1
2026-09-15 17:46:47,721 | gap_trend_bot.trades         | INFO    | SCAN SUMMARY | scanned=296 | passed_universe_filter=0 | entry_signals=0
2026-09-15 17:46:47,721 | gap_trend_bot.main           | INFO    | Found 0 qualifying setups today.
2026-09-15 17:46:47,721 | gap_trend_bot.history        | INFO    | Saved 0 results to history/scan_2026-09-15.json
2026-09-15 17:46:47,722 | gap_trend_bot.supabase       | INFO    | No scan results today - nothing to push.
2026-09-15 17:46:47,722 | gap_trend_bot.main           | INFO    | Today's results are live in Supabase - no manual paste needed.
2026-09-15 17:46:47,722 | gap_trend_bot.main           | INFO    | Updating outcomes for past recommendations...
2026-09-15 17:46:47,723 | gap_trend_bot.main           | INFO    | Done. Results saved under history/ (backup) and pushed to Supabase if configured.
2026-09-15 19:47:06,660 | gap_trend_bot.main           | INFO    | Running daily scan across 296 symbols...
2026-09-15 19:47:06,661 | gap_trend_bot.scanner        | INFO    | ======================================================================
2026-09-15 19:47:06,661 | gap_trend_bot.scanner        | INFO    | Starting daily scan | watchlist size = 296
2026-09-15 19:47:07,408 | gap_trend_bot.sentiment      | INFO    | Sentiment SPY: close=756.84 sma20=765.31 healthy=False
2026-09-15 19:47:07,646 | gap_trend_bot.sentiment      | INFO    | Sentiment QQQ: close=704.09 sma20=713.28 healthy=False
2026-09-15 19:47:20,930 | yfinance                     | ERROR   | $SQ: No data found, symbol may be delisted
2026-09-15 19:47:30,633 | yfinance                     | ERROR   | $MMC: No data found, symbol may be delisted
2026-09-15 19:47:34,528 | yfinance                     | ERROR   | $BK: No data found, symbol may be delisted
2026-09-15 19:47:37,594 | yfinance                     | ERROR   | $FI: No data found, symbol may be delisted
2026-09-15 19:48:05,256 | yfinance                     | ERROR   | $PXD: No data found, symbol may be delisted
2026-09-15 19:48:08,946 | yfinance                     | ERROR   | $HES: No data found, symbol may be delisted
2026-09-15 19:48:09,459 | yfinance                     | ERROR   | $CTRA: No data found, symbol may be delisted
2026-09-15 19:48:10,053 | yfinance                     | ERROR   | $MRO: No data found, symbol may be delisted
2026-09-15 19:48:17,679 | yfinance                     | ERROR   | $NOVA: No data found, symbol may be delisted
2026-09-15 19:48:22,054 | yfinance                     | ERROR   | $SAVE: No data found, symbol may be delisted
2026-09-15 19:48:30,079 | yfinance                     | ERROR   | $SAVA: No data found, symbol may be delisted
2026-09-15 19:48:31,428 | yfinance                     | ERROR   | $EXAS: No data found, symbol may be delisted
2026-09-15 19:48:33,144 | gap_trend_bot.universe       | INFO    | Universe filter: 284 -> 0 symbols passed stage 1
2026-09-15 19:48:33,144 | gap_trend_bot.trades         | INFO    | SCAN SUMMARY | scanned=296 | passed_universe_filter=0 | entry_signals=0
2026-09-15 19:48:33,144 | gap_trend_bot.main           | INFO    | Found 0 qualifying setups today.
2026-09-15 19:48:33,144 | gap_trend_bot.history        | INFO    | Saved 0 results to history/scan_2026-09-15.json
2026-09-15 19:48:33,145 | gap_trend_bot.supabase       | INFO    | No scan results today - nothing to push.
2026-09-15 19:48:33,145 | gap_trend_bot.main           | INFO    | Today's results are live in Supabase - no manual paste needed.
2026-09-15 19:48:33,145 | gap_trend_bot.main           | INFO    | Updating outcomes for past recommendations...
2026-09-15 19:48:33,146 | gap_trend_bot.main           | INFO    | Done. Results saved under history/ (backup) and pushed to Supabase if configured.
2026-09-15 22:24:13,322 | gap_trend_bot.main           | INFO    | Running daily scan across 296 symbols...
2026-09-15 22:24:13,322 | gap_trend_bot.scanner        | INFO    | ======================================================================
2026-09-15 22:24:13,322 | gap_trend_bot.scanner        | INFO    | Starting daily scan | watchlist size = 296
2026-09-15 22:24:14,004 | gap_trend_bot.sentiment      | INFO    | Sentiment SPY: close=757.39 sma20=765.34 healthy=False
2026-09-15 22:24:14,227 | gap_trend_bot.sentiment      | INFO    | Sentiment QQQ: close=704.54 sma20=713.31 healthy=False
2026-09-15 22:24:23,589 | yfinance                     | ERROR   | $SQ: No data found, symbol may be delisted
2026-09-15 22:24:30,694 | yfinance                     | ERROR   | $MMC: No data found, symbol may be delisted
2026-09-15 22:24:33,534 | yfinance                     | ERROR   | $BK: No data found, symbol may be delisted
2026-09-15 22:24:36,581 | yfinance                     | ERROR   | $FI: No data found, symbol may be delisted
2026-09-15 22:24:58,388 | yfinance                     | ERROR   | $PXD: No data found, symbol may be delisted
2026-09-15 22:25:00,877 | yfinance                     | ERROR   | $HES: No data found, symbol may be delisted
2026-09-15 22:25:01,344 | yfinance                     | ERROR   | $CTRA: No data found, symbol may be delisted
2026-09-15 22:25:01,947 | yfinance                     | ERROR   | $MRO: No data found, symbol may be delisted
2026-09-15 22:25:07,720 | yfinance                     | ERROR   | $NOVA: No data found, symbol may be delisted
2026-09-15 22:25:10,918 | yfinance                     | ERROR   | $SAVE: No data found, symbol may be delisted
2026-09-15 22:25:17,290 | yfinance                     | ERROR   | $SAVA: No data found, symbol may be delisted
2026-09-15 22:25:18,348 | yfinance                     | ERROR   | $EXAS: No data found, symbol may be delisted
2026-09-15 22:25:19,574 | gap_trend_bot.universe       | INFO    | Universe filter: 284 -> 3 symbols passed stage 1
2026-09-15 22:25:19,935 | gap_trend_bot.trades         | INFO    | SCAN SUMMARY | scanned=296 | passed_universe_filter=3 | entry_signals=0
2026-09-15 22:25:19,936 | gap_trend_bot.main           | INFO    | Found 0 qualifying setups today.
2026-09-15 22:25:19,936 | gap_trend_bot.history        | INFO    | Saved 0 results to history/scan_2026-09-15.json
2026-09-15 22:25:19,936 | gap_trend_bot.supabase       | INFO    | No scan results today - nothing to push.
2026-09-15 22:25:19,936 | gap_trend_bot.main           | INFO    | Today's results are live in Supabase - no manual paste needed.
2026-09-15 22:25:19,936 | gap_trend_bot.main           | INFO    | Updating outcomes for past recommendations...
2026-09-15 22:25:19,938 | gap_trend_bot.main           | INFO    | Done. Results saved under history/ (backup) and pushed to Supabase if configured.
2026-09-16 17:43:19,471 | gap_trend_bot.main           | INFO    | Running daily scan across 296 symbols...
2026-09-16 17:43:19,471 | gap_trend_bot.scanner        | INFO    | ======================================================================
2026-09-16 17:43:19,471 | gap_trend_bot.scanner        | INFO    | Starting daily scan | watchlist size = 296
2026-09-16 17:43:19,825 | gap_trend_bot.sentiment      | INFO    | Sentiment SPY: close=759.53 sma20=764.95 healthy=False
2026-09-16 17:43:20,012 | gap_trend_bot.sentiment      | INFO    | Sentiment QQQ: close=709.05 sma20=712.88 healthy=False
2026-09-16 17:43:27,181 | yfinance                     | ERROR   | $SQ: No data found, symbol may be delisted
2026-09-16 17:43:31,870 | yfinance                     | ERROR   | $MMC: No data found, symbol may be delisted
2026-09-16 17:43:34,089 | yfinance                     | ERROR   | $BK: No data found, symbol may be delisted
2026-09-16 17:43:35,797 | yfinance                     | ERROR   | $FI: No data found, symbol may be delisted
2026-09-16 17:43:52,180 | yfinance                     | ERROR   | $PXD: No data found, symbol may be delisted
2026-09-16 17:43:54,341 | yfinance                     | ERROR   | $HES: No data found, symbol may be delisted
2026-09-16 17:43:54,614 | yfinance                     | ERROR   | $CTRA: No data found, symbol may be delisted
2026-09-16 17:43:54,878 | yfinance                     | ERROR   | $MRO: No data found, symbol may be delisted
2026-09-16 17:43:59,118 | yfinance                     | ERROR   | $NOVA: No data found, symbol may be delisted
2026-09-16 17:44:01,239 | yfinance                     | ERROR   | $SAVE: No data found, symbol may be delisted
2026-09-16 17:44:05,389 | yfinance                     | ERROR   | $SAVA: No data found, symbol may be delisted
2026-09-16 17:44:06,044 | yfinance                     | ERROR   | $EXAS: No data found, symbol may be delisted
2026-09-16 17:44:06,707 | gap_trend_bot.universe       | INFO    | Universe filter: 284 -> 0 symbols passed stage 1
2026-09-16 17:44:06,707 | gap_trend_bot.trades         | INFO    | SCAN SUMMARY | scanned=296 | passed_universe_filter=0 | entry_signals=0
2026-09-16 17:44:06,707 | gap_trend_bot.main           | INFO    | Found 0 qualifying setups today.
2026-09-16 17:44:06,707 | gap_trend_bot.history        | INFO    | Saved 0 results to history/scan_2026-09-16.json
2026-09-16 17:44:06,707 | gap_trend_bot.supabase       | INFO    | No scan results today - nothing to push.
2026-09-16 17:44:06,707 | gap_trend_bot.main           | INFO    | Today's results are live in Supabase - no manual paste needed.
2026-09-16 17:44:06,708 | gap_trend_bot.main           | INFO    | Updating outcomes for past recommendations...
2026-09-16 17:44:06,710 | gap_trend_bot.main           | INFO    | Done. Results saved under history/ (backup) and pushed to Supabase if configured.
2026-09-16 19:39:01,889 | gap_trend_bot.main           | INFO    | Running daily scan across 296 symbols...
2026-09-16 19:39:01,890 | gap_trend_bot.scanner        | INFO    | ======================================================================
2026-09-16 19:39:01,890 | gap_trend_bot.scanner        | INFO    | Starting daily scan | watchlist size = 296
2026-09-16 19:39:02,204 | gap_trend_bot.sentiment      | INFO    | Sentiment SPY: close=752.06 sma20=764.57 healthy=False
2026-09-16 19:39:02,342 | gap_trend_bot.sentiment      | INFO    | Sentiment QQQ: close=702.78 sma20=712.57 healthy=False
2026-09-16 19:39:08,602 | yfinance                     | ERROR   | $SQ: No data found, symbol may be delisted
2026-09-16 19:39:13,439 | yfinance                     | ERROR   | $MMC: No data found, symbol may be delisted
2026-09-16 19:39:16,030 | yfinance                     | ERROR   | $BK: No data found, symbol may be delisted
2026-09-16 19:39:17,956 | yfinance                     | ERROR   | $FI: No data found, symbol may be delisted
2026-09-16 19:39:34,242 | yfinance                     | ERROR   | $PXD: No data found, symbol may be delisted
2026-09-16 19:39:36,275 | yfinance                     | ERROR   | $HES: No data found, symbol may be delisted
2026-09-16 19:39:36,581 | yfinance                     | ERROR   | $CTRA: No data found, symbol may be delisted
2026-09-16 19:39:36,848 | yfinance                     | ERROR   | $MRO: No data found, symbol may be delisted
2026-09-16 19:39:41,141 | yfinance                     | ERROR   | $NOVA: No data found, symbol may be delisted
2026-09-16 19:39:43,889 | yfinance                     | ERROR   | $SAVE: No data found, symbol may be delisted
2026-09-16 19:39:48,050 | yfinance                     | ERROR   | $SAVA: No data found, symbol may be delisted
2026-09-16 19:39:48,757 | yfinance                     | ERROR   | $EXAS: No data found, symbol may be delisted
2026-09-16 19:39:49,281 | gap_trend_bot.universe       | INFO    | Universe filter: 284 -> 0 symbols passed stage 1
2026-09-16 19:39:49,282 | gap_trend_bot.trades         | INFO    | SCAN SUMMARY | scanned=296 | passed_universe_filter=0 | entry_signals=0
2026-09-16 19:39:49,282 | gap_trend_bot.main           | INFO    | Found 0 qualifying setups today.
2026-09-16 19:39:49,282 | gap_trend_bot.history        | INFO    | Saved 0 results to history/scan_2026-09-16.json
2026-09-16 19:39:49,282 | gap_trend_bot.supabase       | INFO    | No scan results today - nothing to push.
2026-09-16 19:39:49,282 | gap_trend_bot.main           | INFO    | Today's results are live in Supabase - no manual paste needed.
2026-09-16 19:39:49,282 | gap_trend_bot.main           | INFO    | Updating outcomes for past recommendations...
2026-09-16 19:39:49,284 | gap_trend_bot.main           | INFO    | Done. Results saved under history/ (backup) and pushed to Supabase if configured.
2026-09-16 22:16:09,475 | gap_trend_bot.main           | INFO    | Running daily scan across 296 symbols...
2026-09-16 22:16:09,475 | gap_trend_bot.scanner        | INFO    | ======================================================================
2026-09-16 22:16:09,475 | gap_trend_bot.scanner        | INFO    | Starting daily scan | watchlist size = 296
2026-09-16 22:16:09,814 | gap_trend_bot.sentiment      | INFO    | Sentiment SPY: close=754.05 sma20=764.67 healthy=False
2026-09-16 22:16:09,939 | gap_trend_bot.sentiment      | INFO    | Sentiment QQQ: close=704.72 sma20=712.67 healthy=False
2026-09-16 22:16:16,281 | yfinance                     | ERROR   | $SQ: No data found, symbol may be delisted
2026-09-16 22:16:31,883 | yfinance                     | ERROR   | $MMC: No data found, symbol may be delisted
2026-09-16 22:16:33,776 | yfinance                     | ERROR   | $BK: No data found, symbol may be delisted
2026-09-16 22:16:35,403 | yfinance                     | ERROR   | $FI: No data found, symbol may be delisted
2026-09-16 22:16:50,599 | yfinance                     | ERROR   | $PXD: No data found, symbol may be delisted
2026-09-16 22:16:52,481 | yfinance                     | ERROR   | $HES: No data found, symbol may be delisted
2026-09-16 22:16:52,782 | yfinance                     | ERROR   | $CTRA: No data found, symbol may be delisted
2026-09-16 22:16:53,077 | yfinance                     | ERROR   | $MRO: No data found, symbol may be delisted
2026-09-16 22:16:56,735 | yfinance                     | ERROR   | $NOVA: No data found, symbol may be delisted
2026-09-16 22:16:58,723 | yfinance                     | ERROR   | $SAVE: No data found, symbol may be delisted
2026-09-16 22:17:02,461 | yfinance                     | ERROR   | $SAVA: No data found, symbol may be delisted
2026-09-16 22:17:03,120 | yfinance                     | ERROR   | $EXAS: No data found, symbol may be delisted
2026-09-16 22:17:03,624 | gap_trend_bot.universe       | INFO    | Universe filter: 284 -> 1 symbols passed stage 1
2026-09-16 22:17:03,679 | gap_trend_bot.trades         | INFO    | SCAN SUMMARY | scanned=296 | passed_universe_filter=1 | entry_signals=0
2026-09-16 22:17:03,679 | gap_trend_bot.main           | INFO    | Found 0 qualifying setups today.
2026-09-16 22:17:03,679 | gap_trend_bot.history        | INFO    | Saved 0 results to history/scan_2026-09-16.json
2026-09-16 22:17:03,679 | gap_trend_bot.supabase       | INFO    | No scan results today - nothing to push.
2026-09-16 22:17:03,679 | gap_trend_bot.main           | INFO    | Today's results are live in Supabase - no manual paste needed.
2026-09-16 22:17:03,679 | gap_trend_bot.main           | INFO    | Updating outcomes for past recommendations...
2026-09-16 22:17:03,681 | gap_trend_bot.main           | INFO    | Done. Results saved under history/ (backup) and pushed to Supabase if configured.
2026-09-17 17:43:48,998 | gap_trend_bot.main           | INFO    | Running daily scan across 296 symbols...
2026-09-17 17:43:48,999 | gap_trend_bot.scanner        | INFO    | ======================================================================
2026-09-17 17:43:48,999 | gap_trend_bot.scanner        | INFO    | Starting daily scan | watchlist size = 296
2026-09-17 17:43:49,324 | gap_trend_bot.sentiment      | INFO    | Sentiment SPY: close=762.35 sma20=764.34 healthy=False
2026-09-17 17:43:49,520 | gap_trend_bot.sentiment      | INFO    | Sentiment QQQ: close=716.54 sma20=712.69 healthy=True
2026-09-17 17:43:56,485 | yfinance                     | ERROR   | $SQ: No data found, symbol may be delisted
2026-09-17 17:44:01,415 | yfinance                     | ERROR   | $MMC: No data found, symbol may be delisted
2026-09-17 17:44:03,662 | yfinance                     | ERROR   | $BK: No data found, symbol may be delisted
2026-09-17 17:44:05,346 | yfinance                     | ERROR   | $FI: No data found, symbol may be delisted
2026-09-17 17:44:22,528 | yfinance                     | ERROR   | $PXD: No data found, symbol may be delisted
2026-09-17 17:44:24,810 | yfinance                     | ERROR   | $HES: No data found, symbol may be delisted
2026-09-17 17:44:25,079 | yfinance                     | ERROR   | $CTRA: No data found, symbol may be delisted
2026-09-17 17:44:25,349 | yfinance                     | ERROR   | $MRO: No data found, symbol may be delisted
2026-09-17 17:44:29,358 | yfinance                     | ERROR   | $NOVA: No data found, symbol may be delisted
2026-09-17 17:44:31,623 | yfinance                     | ERROR   | $SAVE: No data found, symbol may be delisted
2026-09-17 17:44:35,667 | yfinance                     | ERROR   | $SAVA: No data found, symbol may be delisted
2026-09-17 17:44:36,288 | yfinance                     | ERROR   | $EXAS: No data found, symbol may be delisted
2026-09-17 17:44:36,824 | gap_trend_bot.universe       | INFO    | Universe filter: 284 -> 0 symbols passed stage 1
2026-09-17 17:44:36,825 | gap_trend_bot.trades         | INFO    | SCAN SUMMARY | scanned=296 | passed_universe_filter=0 | entry_signals=0
2026-09-17 17:44:36,825 | gap_trend_bot.main           | INFO    | Found 0 qualifying setups today.
2026-09-17 17:44:36,825 | gap_trend_bot.history        | INFO    | Saved 0 results to history/scan_2026-09-17.json
2026-09-17 17:44:36,825 | gap_trend_bot.supabase       | INFO    | No scan results today - nothing to push.
2026-09-17 17:44:36,825 | gap_trend_bot.main           | INFO    | Today's results are live in Supabase - no manual paste needed.
2026-09-17 17:44:36,825 | gap_trend_bot.main           | INFO    | Updating outcomes for past recommendations...
2026-09-17 17:44:36,827 | gap_trend_bot.main           | INFO    | Done. Results saved under history/ (backup) and pushed to Supabase if configured.
2026-09-17 19:48:09,729 | gap_trend_bot.main           | INFO    | Running daily scan across 296 symbols...
2026-09-17 19:48:09,729 | gap_trend_bot.scanner        | INFO    | ======================================================================
2026-09-17 19:48:09,729 | gap_trend_bot.scanner        | INFO    | Starting daily scan | watchlist size = 296
2026-09-17 19:48:10,511 | gap_trend_bot.sentiment      | INFO    | Sentiment SPY: close=762.88 sma20=764.36 healthy=False
2026-09-17 19:48:10,886 | gap_trend_bot.sentiment      | INFO    | Sentiment QQQ: close=717.02 sma20=712.71 healthy=True
2026-09-17 19:48:26,559 | yfinance                     | ERROR   | $SQ: No data found, symbol may be delisted
2026-09-17 19:48:37,537 | yfinance                     | ERROR   | $MMC: No data found, symbol may be delisted
2026-09-17 19:48:42,325 | yfinance                     | ERROR   | $BK: No data found, symbol may be delisted
2026-09-17 19:48:46,138 | yfinance                     | ERROR   | $FI: No data found, symbol may be delisted
2026-09-17 19:49:19,417 | yfinance                     | ERROR   | $PXD: No data found, symbol may be delisted
2026-09-17 19:49:24,044 | yfinance                     | ERROR   | $HES: No data found, symbol may be delisted
2026-09-17 19:49:24,930 | yfinance                     | ERROR   | $CTRA: No data found, symbol may be delisted
2026-09-17 19:49:25,683 | yfinance                     | ERROR   | $MRO: No data found, symbol may be delisted
2026-09-17 19:49:35,310 | yfinance                     | ERROR   | $NOVA: No data found, symbol may be delisted
2026-09-17 19:49:40,404 | yfinance                     | ERROR   | $SAVE: No data found, symbol may be delisted
2026-09-17 19:49:50,160 | yfinance                     | ERROR   | $SAVA: No data found, symbol may be delisted
2026-09-17 19:49:51,806 | yfinance                     | ERROR   | $EXAS: No data found, symbol may be delisted
2026-09-17 19:49:53,319 | gap_trend_bot.universe       | INFO    | Universe filter: 284 -> 0 symbols passed stage 1
2026-09-17 19:49:53,319 | gap_trend_bot.trades         | INFO    | SCAN SUMMARY | scanned=296 | passed_universe_filter=0 | entry_signals=0
2026-09-17 19:49:53,319 | gap_trend_bot.main           | INFO    | Found 0 qualifying setups today.
2026-09-17 19:49:53,320 | gap_trend_bot.history        | INFO    | Saved 0 results to history/scan_2026-09-17.json
2026-09-17 19:49:53,320 | gap_trend_bot.supabase       | INFO    | No scan results today - nothing to push.
2026-09-17 19:49:53,320 | gap_trend_bot.main           | INFO    | Today's results are live in Supabase - no manual paste needed.
2026-09-17 19:49:53,320 | gap_trend_bot.main           | INFO    | Updating outcomes for past recommendations...
2026-09-17 19:49:53,321 | gap_trend_bot.main           | INFO    | Done. Results saved under history/ (backup) and pushed to Supabase if configured.
2026-09-17 22:22:32,413 | gap_trend_bot.main           | INFO    | Running daily scan across 296 symbols...
2026-09-17 22:22:32,413 | gap_trend_bot.scanner        | INFO    | ======================================================================
2026-09-17 22:22:32,413 | gap_trend_bot.scanner        | INFO    | Starting daily scan | watchlist size = 296
2026-09-17 22:22:32,787 | gap_trend_bot.sentiment      | INFO    | Sentiment SPY: close=762.60 sma20=764.35 healthy=False
2026-09-17 22:22:32,893 | gap_trend_bot.sentiment      | INFO    | Sentiment QQQ: close=716.92 sma20=712.71 healthy=True
2026-09-17 22:22:37,639 | yfinance                     | ERROR   | $SQ: No data found, symbol may be delisted
2026-09-17 22:22:41,089 | yfinance                     | ERROR   | $MMC: No data found, symbol may be delisted
2026-09-17 22:22:42,736 | yfinance                     | ERROR   | $BK: No data found, symbol may be delisted
2026-09-17 22:22:44,010 | yfinance                     | ERROR   | $FI: No data found, symbol may be delisted
2026-09-17 22:22:56,366 | yfinance                     | ERROR   | $PXD: No data found, symbol may be delisted
2026-09-17 22:22:57,911 | yfinance                     | ERROR   | $HES: No data found, symbol may be delisted
2026-09-17 22:22:58,078 | yfinance                     | ERROR   | $CTRA: No data found, symbol may be delisted
2026-09-17 22:22:58,245 | yfinance                     | ERROR   | $MRO: No data found, symbol may be delisted
2026-09-17 22:23:00,830 | yfinance                     | ERROR   | $NOVA: No data found, symbol may be delisted
2026-09-17 22:23:02,280 | yfinance                     | ERROR   | $SAVE: No data found, symbol may be delisted
2026-09-17 22:23:04,799 | yfinance                     | ERROR   | $SAVA: No data found, symbol may be delisted
2026-09-17 22:23:05,156 | yfinance                     | ERROR   | $EXAS: No data found, symbol may be delisted
2026-09-17 22:23:05,472 | gap_trend_bot.universe       | INFO    | Universe filter: 284 -> 2 symbols passed stage 1
2026-09-17 22:23:05,595 | gap_trend_bot.trades         | INFO    | SCAN SUMMARY | scanned=296 | passed_universe_filter=2 | entry_signals=0
2026-09-17 22:23:05,595 | gap_trend_bot.main           | INFO    | Found 0 qualifying setups today.
2026-09-17 22:23:05,595 | gap_trend_bot.history        | INFO    | Saved 0 results to history/scan_2026-09-17.json
2026-09-17 22:23:05,595 | gap_trend_bot.supabase       | INFO    | No scan results today - nothing to push.
2026-09-17 22:23:05,595 | gap_trend_bot.main           | INFO    | Today's results are live in Supabase - no manual paste needed.
2026-09-17 22:23:05,596 | gap_trend_bot.main           | INFO    | Updating outcomes for past recommendations...
2026-09-17 22:23:05,598 | gap_trend_bot.main           | INFO    | Done. Results saved under history/ (backup) and pushed to Supabase if configured.
2026-09-18 17:10:27,838 | gap_trend_bot.main           | INFO    | Running daily scan across 296 symbols...
2026-09-18 17:10:27,839 | gap_trend_bot.scanner        | INFO    | ======================================================================
2026-09-18 17:10:27,839 | gap_trend_bot.scanner        | INFO    | Starting daily scan | watchlist size = 296
2026-09-18 17:10:28,656 | gap_trend_bot.sentiment      | INFO    | Sentiment SPY: close=759.25 sma20=764.18 healthy=False
2026-09-18 17:10:28,959 | gap_trend_bot.sentiment      | INFO    | Sentiment QQQ: close=716.84 sma20=713.00 healthy=True
2026-09-18 17:10:49,681 | yfinance                     | ERROR   | $SQ: No data found, symbol may be delisted
2026-09-18 17:11:00,891 | yfinance                     | ERROR   | $MMC: No data found, symbol may be delisted
2026-09-18 17:11:05,981 | yfinance                     | ERROR   | $BK: No data found, symbol may be delisted
2026-09-18 17:11:09,752 | yfinance                     | ERROR   | $FI: No data found, symbol may be delisted
2026-09-18 17:11:42,972 | yfinance                     | ERROR   | $PXD: No data found, symbol may be delisted
2026-09-18 17:11:47,530 | yfinance                     | ERROR   | $HES: No data found, symbol may be delisted
2026-09-18 17:11:48,231 | yfinance                     | ERROR   | $CTRA: No data found, symbol may be delisted
2026-09-18 17:11:48,957 | yfinance                     | ERROR   | $MRO: No data found, symbol may be delisted
2026-09-18 17:11:58,199 | yfinance                     | ERROR   | $NOVA: No data found, symbol may be delisted
2026-09-18 17:12:03,266 | yfinance                     | ERROR   | $SAVE: No data found, symbol may be delisted
2026-09-18 17:12:12,664 | yfinance                     | ERROR   | $SAVA: No data found, symbol may be delisted
2026-09-18 17:12:14,376 | yfinance                     | ERROR   | $EXAS: No data found, symbol may be delisted
2026-09-18 17:12:15,839 | gap_trend_bot.universe       | INFO    | Universe filter: 284 -> 0 symbols passed stage 1
2026-09-18 17:12:15,840 | gap_trend_bot.trades         | INFO    | SCAN SUMMARY | scanned=296 | passed_universe_filter=0 | entry_signals=0
2026-09-18 17:12:15,840 | gap_trend_bot.main           | INFO    | Found 0 qualifying setups today.
2026-09-18 17:12:15,840 | gap_trend_bot.history        | INFO    | Saved 0 results to history/scan_2026-09-18.json
2026-09-18 17:12:15,840 | gap_trend_bot.supabase       | INFO    | No scan results today - nothing to push.
2026-09-18 17:12:15,840 | gap_trend_bot.main           | INFO    | Today's results are live in Supabase - no manual paste needed.
2026-09-18 17:12:15,840 | gap_trend_bot.main           | INFO    | Updating outcomes for past recommendations...
2026-09-18 17:12:15,841 | gap_trend_bot.main           | INFO    | Done. Results saved under history/ (backup) and pushed to Supabase if configured.
2026-09-18 19:06:56,447 | gap_trend_bot.main           | INFO    | Running daily scan across 296 symbols...
2026-09-18 19:06:56,447 | gap_trend_bot.scanner        | INFO    | ======================================================================
2026-09-18 19:06:56,447 | gap_trend_bot.scanner        | INFO    | Starting daily scan | watchlist size = 296
2026-09-18 19:06:56,740 | gap_trend_bot.sentiment      | INFO    | Sentiment SPY: close=761.25 sma20=764.28 healthy=False
2026-09-18 19:06:56,862 | gap_trend_bot.sentiment      | INFO    | Sentiment QQQ: close=719.38 sma20=713.13 healthy=True
2026-09-18 19:07:02,953 | yfinance                     | ERROR   | $SQ: No data found, symbol may be delisted
2026-09-18 19:07:07,477 | yfinance                     | ERROR   | $MMC: No data found, symbol may be delisted
2026-09-18 19:07:09,427 | yfinance                     | ERROR   | $BK: No data found, symbol may be delisted
2026-09-18 19:07:11,113 | yfinance                     | ERROR   | $FI: No data found, symbol may be delisted
2026-09-18 19:07:26,302 | yfinance                     | ERROR   | $PXD: No data found, symbol may be delisted
2026-09-18 19:07:28,324 | yfinance                     | ERROR   | $HES: No data found, symbol may be delisted
2026-09-18 19:07:28,579 | yfinance                     | ERROR   | $CTRA: No data found, symbol may be delisted
2026-09-18 19:07:28,838 | yfinance                     | ERROR   | $MRO: No data found, symbol may be delisted
2026-09-18 19:07:32,454 | yfinance                     | ERROR   | $NOVA: No data found, symbol may be delisted
2026-09-18 19:07:34,643 | yfinance                     | ERROR   | $SAVE: No data found, symbol may be delisted
2026-09-18 19:07:38,189 | yfinance                     | ERROR   | $SAVA: No data found, symbol may be delisted
2026-09-18 19:07:38,760 | yfinance                     | ERROR   | $EXAS: No data found, symbol may be delisted
2026-09-18 19:07:39,189 | gap_trend_bot.universe       | INFO    | Universe filter: 284 -> 1 symbols passed stage 1
2026-09-18 19:07:39,261 | gap_trend_bot.trades         | INFO    | SCAN SUMMARY | scanned=296 | passed_universe_filter=1 | entry_signals=0
2026-09-18 19:07:39,262 | gap_trend_bot.main           | INFO    | Found 0 qualifying setups today.
2026-09-18 19:07:39,262 | gap_trend_bot.history        | INFO    | Saved 0 results to history/scan_2026-09-18.json
2026-09-18 19:07:39,262 | gap_trend_bot.supabase       | INFO    | No scan results today - nothing to push.
2026-09-18 19:07:39,262 | gap_trend_bot.main           | INFO    | Today's results are live in Supabase - no manual paste needed.
2026-09-18 19:07:39,262 | gap_trend_bot.main           | INFO    | Updating outcomes for past recommendations...
2026-09-18 19:07:39,265 | gap_trend_bot.main           | INFO    | Done. Results saved under history/ (backup) and pushed to Supabase if configured.
2026-09-18 21:47:12,944 | gap_trend_bot.main           | INFO    | Running daily scan across 296 symbols...
2026-09-18 21:47:12,945 | gap_trend_bot.scanner        | INFO    | ======================================================================
2026-09-18 21:47:12,945 | gap_trend_bot.scanner        | INFO    | Starting daily scan | watchlist size = 296
2026-09-18 21:47:13,198 | gap_trend_bot.sentiment      | INFO    | Sentiment SPY: close=761.69 sma20=764.30 healthy=False
2026-09-18 21:47:13,309 | gap_trend_bot.sentiment      | INFO    | Sentiment QQQ: close=721.45 sma20=713.24 healthy=True
2026-09-18 21:47:19,940 | yfinance                     | ERROR   | $SQ: No data found, symbol may be delisted
2026-09-18 21:47:24,583 | yfinance                     | ERROR   | $MMC: No data found, symbol may be delisted
2026-09-18 21:47:26,447 | yfinance                     | ERROR   | $BK: No data found, symbol may be delisted
2026-09-18 21:47:28,045 | yfinance                     | ERROR   | $FI: No data found, symbol may be delisted
2026-09-18 21:47:42,819 | yfinance                     | ERROR   | $PXD: No data found, symbol may be delisted
2026-09-18 21:47:44,693 | yfinance                     | ERROR   | $HES: No data found, symbol may be delisted
2026-09-18 21:47:44,960 | yfinance                     | ERROR   | $CTRA: No data found, symbol may be delisted
2026-09-18 21:47:45,245 | yfinance                     | ERROR   | $MRO: No data found, symbol may be delisted
2026-09-18 21:47:48,676 | yfinance                     | ERROR   | $NOVA: No data found, symbol may be delisted
2026-09-18 21:47:50,536 | yfinance                     | ERROR   | $SAVE: No data found, symbol may be delisted
2026-09-18 21:47:53,920 | yfinance                     | ERROR   | $SAVA: No data found, symbol may be delisted
2026-09-18 21:47:54,467 | yfinance                     | ERROR   | $EXAS: No data found, symbol may be delisted
2026-09-18 21:47:54,947 | gap_trend_bot.universe       | INFO    | Universe filter: 284 -> 8 symbols passed stage 1
2026-09-18 21:47:55,486 | gap_trend_bot.trades         | INFO    | SCAN SUMMARY | scanned=296 | passed_universe_filter=8 | entry_signals=0
2026-09-18 21:47:55,486 | gap_trend_bot.main           | INFO    | Found 0 qualifying setups today.
2026-09-18 21:47:55,486 | gap_trend_bot.history        | INFO    | Saved 0 results to history/scan_2026-09-18.json
2026-09-18 21:47:55,486 | gap_trend_bot.supabase       | INFO    | No scan results today - nothing to push.
2026-09-18 21:47:55,486 | gap_trend_bot.main           | INFO    | Today's results are live in Supabase - no manual paste needed.
2026-09-18 21:47:55,486 | gap_trend_bot.main           | INFO    | Updating outcomes for past recommendations...
2026-09-18 21:47:55,489 | gap_trend_bot.main           | INFO    | Done. Results saved under history/ (backup) and pushed to Supabase if configured.
2026-09-21 18:53:11,978 | gap_trend_bot.main           | INFO    | Running daily scan across 296 symbols...
2026-09-21 18:53:11,978 | gap_trend_bot.scanner        | INFO    | ======================================================================
2026-09-21 18:53:11,979 | gap_trend_bot.scanner        | INFO    | Starting daily scan | watchlist size = 296
2026-09-21 18:53:12,261 | gap_trend_bot.sentiment      | INFO    | Sentiment SPY: close=774.38 sma20=763.03 healthy=True
2026-09-21 18:53:12,422 | gap_trend_bot.sentiment      | INFO    | Sentiment QQQ: close=741.28 sma20=714.63 healthy=True
2026-09-21 18:53:20,046 | yfinance                     | ERROR   | $SQ: No data found, symbol may be delisted
2026-09-21 18:53:24,797 | yfinance                     | ERROR   | $MMC: No data found, symbol may be delisted
2026-09-21 18:53:27,401 | yfinance                     | ERROR   | $BK: No data found, symbol may be delisted
2026-09-21 18:53:29,161 | yfinance                     | ERROR   | $FI: No data found, symbol may be delisted
2026-09-21 18:53:44,928 | yfinance                     | ERROR   | $PXD: No data found, symbol may be delisted
2026-09-21 18:53:46,994 | yfinance                     | ERROR   | $HES: No data found, symbol may be delisted
2026-09-21 18:53:47,267 | yfinance                     | ERROR   | $CTRA: No data found, symbol may be delisted
2026-09-21 18:53:47,551 | yfinance                     | ERROR   | $MRO: No data found, symbol may be delisted
2026-09-21 18:53:51,701 | yfinance                     | ERROR   | $NOVA: No data found, symbol may be delisted
2026-09-21 18:53:53,677 | yfinance                     | ERROR   | $SAVE: No data found, symbol may be delisted
2026-09-21 18:53:57,583 | yfinance                     | ERROR   | $SAVA: No data found, symbol may be delisted
2026-09-21 18:53:58,498 | yfinance                     | ERROR   | $EXAS: No data found, symbol may be delisted
2026-09-21 18:53:58,950 | gap_trend_bot.universe       | INFO    | Universe filter: 284 -> 1 symbols passed stage 1
2026-09-21 18:53:59,014 | gap_trend_bot.trades         | INFO    | SCAN SUMMARY | scanned=296 | passed_universe_filter=1 | entry_signals=0
2026-09-21 18:53:59,014 | gap_trend_bot.main           | INFO    | Found 0 qualifying setups today.
2026-09-21 18:53:59,015 | gap_trend_bot.history        | INFO    | Saved 0 results to history/scan_2026-09-21.json
2026-09-21 18:53:59,015 | gap_trend_bot.supabase       | INFO    | No scan results today - nothing to push.
2026-09-21 18:53:59,015 | gap_trend_bot.main           | INFO    | Today's results are live in Supabase - no manual paste needed.
2026-09-21 18:53:59,015 | gap_trend_bot.main           | INFO    | Updating outcomes for past recommendations...
2026-09-21 18:53:59,017 | gap_trend_bot.main           | INFO    | Done. Results saved under history/ (backup) and pushed to Supabase if configured.
2026-09-21 20:30:17,312 | gap_trend_bot.main           | INFO    | Running daily scan across 296 symbols...
2026-09-21 20:30:17,312 | gap_trend_bot.scanner        | INFO    | ======================================================================
2026-09-21 20:30:17,312 | gap_trend_bot.scanner        | INFO    | Starting daily scan | watchlist size = 296
2026-09-21 20:30:19,048 | gap_trend_bot.sentiment      | INFO    | Sentiment SPY: close=773.50 sma20=762.99 healthy=True
2026-09-21 20:30:19,277 | gap_trend_bot.sentiment      | INFO    | Sentiment QQQ: close=741.47 sma20=714.64 healthy=True
2026-09-21 20:30:30,526 | yfinance                     | ERROR   | $SQ: No data found, symbol may be delisted
2026-09-21 20:30:40,396 | yfinance                     | ERROR   | $MMC: No data found, symbol may be delisted
2026-09-21 20:30:43,505 | yfinance                     | ERROR   | $BK: No data found, symbol may be delisted
2026-09-21 20:30:46,124 | yfinance                     | ERROR   | $FI: No data found, symbol may be delisted
2026-09-21 20:31:08,278 | yfinance                     | ERROR   | $PXD: No data found, symbol may be delisted
2026-09-21 20:31:10,974 | yfinance                     | ERROR   | $HES: No data found, symbol may be delisted
2026-09-21 20:31:11,377 | yfinance                     | ERROR   | $CTRA: No data found, symbol may be delisted
2026-09-21 20:31:11,778 | yfinance                     | ERROR   | $MRO: No data found, symbol may be delisted
2026-09-21 20:31:18,485 | yfinance                     | ERROR   | $NOVA: No data found, symbol may be delisted
2026-09-21 20:31:22,007 | yfinance                     | ERROR   | $SAVE: No data found, symbol may be delisted
2026-09-21 20:31:29,922 | yfinance                     | ERROR   | $SAVA: No data found, symbol may be delisted
2026-09-21 20:31:30,902 | yfinance                     | ERROR   | $EXAS: No data found, symbol may be delisted
2026-09-21 20:31:32,355 | gap_trend_bot.universe       | INFO    | Universe filter: 284 -> 2 symbols passed stage 1
2026-09-21 20:31:32,555 | gap_trend_bot.trades         | INFO    | SCAN SUMMARY | scanned=296 | passed_universe_filter=2 | entry_signals=0
2026-09-21 20:31:32,555 | gap_trend_bot.main           | INFO    | Found 0 qualifying setups today.
2026-09-21 20:31:32,555 | gap_trend_bot.history        | INFO    | Saved 0 results to history/scan_2026-09-21.json
2026-09-21 20:31:32,555 | gap_trend_bot.supabase       | INFO    | No scan results today - nothing to push.
2026-09-21 20:31:32,555 | gap_trend_bot.main           | INFO    | Today's results are live in Supabase - no manual paste needed.
2026-09-21 20:31:32,555 | gap_trend_bot.main           | INFO    | Updating outcomes for past recommendations...
2026-09-21 20:31:32,557 | gap_trend_bot.main           | INFO    | Done. Results saved under history/ (backup) and pushed to Supabase if configured.
2026-09-21 22:45:13,859 | gap_trend_bot.main           | INFO    | Running daily scan across 296 symbols...
2026-09-21 22:45:13,860 | gap_trend_bot.scanner        | INFO    | ======================================================================
2026-09-21 22:45:13,860 | gap_trend_bot.scanner        | INFO    | Starting daily scan | watchlist size = 296
2026-09-21 22:45:14,328 | gap_trend_bot.sentiment      | INFO    | Sentiment SPY: close=773.50 sma20=762.99 healthy=True
2026-09-21 22:45:14,442 | gap_trend_bot.sentiment      | INFO    | Sentiment QQQ: close=741.47 sma20=714.64 healthy=True
2026-09-21 22:45:20,631 | yfinance                     | ERROR   | $SQ: No data found, symbol may be delisted
2026-09-21 22:45:25,167 | yfinance                     | ERROR   | $MMC: No data found, symbol may be delisted
2026-09-21 22:45:27,253 | yfinance                     | ERROR   | $BK: No data found, symbol may be delisted
2026-09-21 22:45:28,985 | yfinance                     | ERROR   | $FI: No data found, symbol may be delisted
2026-09-21 22:45:44,729 | yfinance                     | ERROR   | $PXD: No data found, symbol may be delisted
2026-09-21 22:45:46,719 | yfinance                     | ERROR   | $HES: No data found, symbol may be delisted
2026-09-21 22:45:46,939 | yfinance                     | ERROR   | $CTRA: No data found, symbol may be delisted
2026-09-21 22:45:47,194 | yfinance                     | ERROR   | $MRO: No data found, symbol may be delisted
2026-09-21 22:45:50,540 | yfinance                     | ERROR   | $NOVA: No data found, symbol may be delisted
2026-09-21 22:45:52,462 | yfinance                     | ERROR   | $SAVE: No data found, symbol may be delisted
2026-09-21 22:45:55,879 | yfinance                     | ERROR   | $SAVA: No data found, symbol may be delisted
2026-09-21 22:45:56,348 | yfinance                     | ERROR   | $EXAS: No data found, symbol may be delisted
2026-09-21 22:45:56,811 | gap_trend_bot.universe       | INFO    | Universe filter: 284 -> 2 symbols passed stage 1
2026-09-21 22:45:56,977 | gap_trend_bot.trades         | INFO    | SCAN SUMMARY | scanned=296 | passed_universe_filter=2 | entry_signals=0
2026-09-21 22:45:56,977 | gap_trend_bot.main           | INFO    | Found 0 qualifying setups today.
2026-09-21 22:45:56,978 | gap_trend_bot.history        | INFO    | Saved 0 results to history/scan_2026-09-21.json
2026-09-21 22:45:56,978 | gap_trend_bot.supabase       | INFO    | No scan results today - nothing to push.
2026-09-21 22:45:56,978 | gap_trend_bot.main           | INFO    | Today's results are live in Supabase - no manual paste needed.
2026-09-21 22:45:56,978 | gap_trend_bot.main           | INFO    | Updating outcomes for past recommendations...
2026-09-21 22:45:56,980 | gap_trend_bot.main           | INFO    | Done. Results saved under history/ (backup) and pushed to Supabase if configured.
2026-09-22 17:44:47,976 | gap_trend_bot.main           | INFO    | Running daily scan across 296 symbols...
2026-09-22 17:44:47,976 | gap_trend_bot.scanner        | INFO    | ======================================================================
2026-09-22 17:44:47,976 | gap_trend_bot.scanner        | INFO    | Starting daily scan | watchlist size = 296
2026-09-22 17:44:48,339 | gap_trend_bot.sentiment      | INFO    | Sentiment SPY: close=773.48 sma20=763.58 healthy=True
2026-09-22 17:44:48,724 | gap_trend_bot.sentiment      | INFO    | Sentiment QQQ: close=745.36 sma20=715.92 healthy=True
2026-09-22 17:44:58,582 | yfinance                     | ERROR   | $SQ: No data found, symbol may be delisted
2026-09-22 17:45:05,461 | yfinance                     | ERROR   | $MMC: No data found, symbol may be delisted
2026-09-22 17:45:08,336 | yfinance                     | ERROR   | $BK: No data found, symbol may be delisted
2026-09-22 17:45:10,648 | yfinance                     | ERROR   | $FI: No data found, symbol may be delisted
2026-09-22 17:45:33,394 | yfinance                     | ERROR   | $PXD: No data found, symbol may be delisted
2026-09-22 17:45:36,171 | yfinance                     | ERROR   | $HES: No data found, symbol may be delisted
2026-09-22 17:45:36,499 | yfinance                     | ERROR   | $CTRA: No data found, symbol may be delisted
2026-09-22 17:45:36,840 | yfinance                     | ERROR   | $MRO: No data found, symbol may be delisted
2026-09-22 17:45:42,731 | yfinance                     | ERROR   | $NOVA: No data found, symbol may be delisted
2026-09-22 17:45:45,733 | yfinance                     | ERROR   | $SAVE: No data found, symbol may be delisted
2026-09-22 17:45:51,174 | yfinance                     | ERROR   | $SAVA: No data found, symbol may be delisted
2026-09-22 17:45:52,195 | yfinance                     | ERROR   | $EXAS: No data found, symbol may be delisted
2026-09-22 17:45:53,192 | gap_trend_bot.universe       | INFO    | Universe filter: 284 -> 1 symbols passed stage 1
2026-09-22 17:45:53,251 | gap_trend_bot.trades         | INFO    | SCAN SUMMARY | scanned=296 | passed_universe_filter=1 | entry_signals=0
2026-09-22 17:45:53,251 | gap_trend_bot.main           | INFO    | Found 0 qualifying setups today.
2026-09-22 17:45:53,252 | gap_trend_bot.history        | INFO    | Saved 0 results to history/scan_2026-09-22.json
2026-09-22 17:45:53,252 | gap_trend_bot.supabase       | INFO    | No scan results today - nothing to push.
2026-09-22 17:45:53,252 | gap_trend_bot.main           | INFO    | Today's results are live in Supabase - no manual paste needed.
2026-09-22 17:45:53,252 | gap_trend_bot.main           | INFO    | Updating outcomes for past recommendations...
2026-09-22 17:45:53,254 | gap_trend_bot.main           | INFO    | Done. Results saved under history/ (backup) and pushed to Supabase if configured.
2026-09-22 19:49:51,270 | gap_trend_bot.main           | INFO    | Running daily scan across 296 symbols...
2026-09-22 19:49:51,270 | gap_trend_bot.scanner        | INFO    | ======================================================================
2026-09-22 19:49:51,270 | gap_trend_bot.scanner        | INFO    | Starting daily scan | watchlist size = 296
2026-09-22 19:49:51,571 | gap_trend_bot.sentiment      | INFO    | Sentiment SPY: close=774.71 sma20=763.64 healthy=True
2026-09-22 19:49:51,759 | gap_trend_bot.sentiment      | INFO    | Sentiment QQQ: close=747.86 sma20=716.05 healthy=True
2026-09-22 19:49:58,582 | yfinance                     | ERROR   | $SQ: No data found, symbol may be delisted
2026-09-22 19:50:03,692 | yfinance                     | ERROR   | $MMC: No data found, symbol may be delisted
2026-09-22 19:50:06,118 | yfinance                     | ERROR   | $BK: No data found, symbol may be delisted
2026-09-22 19:50:08,037 | yfinance                     | ERROR   | $FI: No data found, symbol may be delisted
2026-09-22 19:50:24,584 | yfinance                     | ERROR   | $PXD: No data found, symbol may be delisted
2026-09-22 19:50:26,838 | yfinance                     | ERROR   | $HES: No data found, symbol may be delisted
2026-09-22 19:50:27,207 | yfinance                     | ERROR   | $CTRA: No data found, symbol may be delisted
2026-09-22 19:50:27,568 | yfinance                     | ERROR   | $MRO: No data found, symbol may be delisted
2026-09-22 19:50:31,641 | yfinance                     | ERROR   | $NOVA: No data found, symbol may be delisted
2026-09-22 19:50:33,794 | yfinance                     | ERROR   | $SAVE: No data found, symbol may be delisted
2026-09-22 19:50:37,660 | yfinance                     | ERROR   | $SAVA: No data found, symbol may be delisted
2026-09-22 19:50:38,297 | yfinance                     | ERROR   | $EXAS: No data found, symbol may be delisted
2026-09-22 19:50:38,876 | gap_trend_bot.universe       | INFO    | Universe filter: 284 -> 4 symbols passed stage 1
2026-09-22 19:50:39,209 | gap_trend_bot.trades         | INFO    | SCAN SUMMARY | scanned=296 | passed_universe_filter=4 | entry_signals=0
2026-09-22 19:50:39,209 | gap_trend_bot.main           | INFO    | Found 0 qualifying setups today.
2026-09-22 19:50:39,209 | gap_trend_bot.history        | INFO    | Saved 0 results to history/scan_2026-09-22.json
2026-09-22 19:50:39,209 | gap_trend_bot.supabase       | INFO    | No scan results today - nothing to push.
2026-09-22 19:50:39,209 | gap_trend_bot.main           | INFO    | Today's results are live in Supabase - no manual paste needed.
2026-09-22 19:50:39,210 | gap_trend_bot.main           | INFO    | Updating outcomes for past recommendations...
2026-09-22 19:50:39,212 | gap_trend_bot.main           | INFO    | Done. Results saved under history/ (backup) and pushed to Supabase if configured.
2026-09-22 22:22:31,978 | gap_trend_bot.main           | INFO    | Running daily scan across 296 symbols...
2026-09-22 22:22:31,978 | gap_trend_bot.scanner        | INFO    | ======================================================================
2026-09-22 22:22:31,978 | gap_trend_bot.scanner        | INFO    | Starting daily scan | watchlist size = 296
2026-09-22 22:22:32,436 | gap_trend_bot.sentiment      | INFO    | Sentiment SPY: close=773.38 sma20=763.58 healthy=True
2026-09-22 22:22:32,621 | gap_trend_bot.sentiment      | INFO    | Sentiment QQQ: close=747.46 sma20=716.03 healthy=True
2026-09-22 22:22:41,263 | yfinance                     | ERROR   | $SQ: No data found, symbol may be delisted
2026-09-22 22:22:47,799 | yfinance                     | ERROR   | $MMC: No data found, symbol may be delisted
2026-09-22 22:22:50,277 | yfinance                     | ERROR   | $BK: No data found, symbol may be delisted
2026-09-22 22:22:52,383 | yfinance                     | ERROR   | $FI: No data found, symbol may be delisted
2026-09-22 22:23:13,596 | yfinance                     | ERROR   | $PXD: No data found, symbol may be delisted
2026-09-22 22:23:16,266 | yfinance                     | ERROR   | $HES: No data found, symbol may be delisted
2026-09-22 22:23:16,719 | yfinance                     | ERROR   | $CTRA: No data found, symbol may be delisted
2026-09-22 22:23:17,174 | yfinance                     | ERROR   | $MRO: No data found, symbol may be delisted
2026-09-22 22:23:23,085 | yfinance                     | ERROR   | $NOVA: No data found, symbol may be delisted
2026-09-22 22:23:26,822 | yfinance                     | ERROR   | $SAVE: No data found, symbol may be delisted
2026-09-22 22:23:32,571 | yfinance                     | ERROR   | $SAVA: No data found, symbol may be delisted
2026-09-22 22:23:33,546 | yfinance                     | ERROR   | $EXAS: No data found, symbol may be delisted
2026-09-22 22:23:34,432 | gap_trend_bot.universe       | INFO    | Universe filter: 284 -> 7 symbols passed stage 1
2026-09-22 22:23:35,249 | gap_trend_bot.trades         | INFO    | SCAN SUMMARY | scanned=296 | passed_universe_filter=7 | entry_signals=0
2026-09-22 22:23:35,249 | gap_trend_bot.main           | INFO    | Found 0 qualifying setups today.
2026-09-22 22:23:35,250 | gap_trend_bot.history        | INFO    | Saved 0 results to history/scan_2026-09-22.json
2026-09-22 22:23:35,250 | gap_trend_bot.supabase       | INFO    | No scan results today - nothing to push.
2026-09-22 22:23:35,250 | gap_trend_bot.main           | INFO    | Today's results are live in Supabase - no manual paste needed.
2026-09-22 22:23:35,250 | gap_trend_bot.main           | INFO    | Updating outcomes for past recommendations...
2026-09-22 22:23:35,252 | gap_trend_bot.main           | INFO    | Done. Results saved under history/ (backup) and pushed to Supabase if configured.
